,eng,hindi,lexicon
0,abundant,हुस्न,positive
1,accessible,सुलभ,positive
2,accomplish,पूरा,positive
3,accomplished,पूरा,positive
4,accomplishment,उपलब्धि,positive
5,accomplishments,उपलब्धियों,positive
6,accurate,सटीक,positive
7,accurately,यथासंभव,positive
8,achievement,उपलब्धि,positive
9,achievements,उपलब्धियाँ,positive
10,acumen,कौशल,positive
11,adjustable,समायोजनीय,positive
12,admirable,प्रशंसनीय,positive
13,admire,प्रशंसा,positive
14,admirer,प्रशंसक,positive
15,adorable,प्यारे,positive
16,adore,प्यार,positive
17,advanced,उन्नत,positive
18,advantage,लाभ,positive
19,advantages,लाभ,positive
20,advocates,हिन्दुत्व,positive
21,affection,स्नेह,positive
22,affinity,संबंध,positive
23,affirmative,सकारात्मक,positive
24,afford,बर्दाश्त,positive
25,affordable,किफायती,positive
26,agile,एजाइल,positive
27,agility,की,positive
28,alluring,सम्मोहक,positive
29,amaze,आश्चर्यचकित,positive
30,amazed,हैरान,positive
31,amazing,अद्भुत,positive
32,amazingly,आश्चर्यजनक,positive
33,ambitious,महत्वाकांक्षी,positive
34,ample,पर्याप्त,positive
35,angel,परी,positive
36,angelic,ऐंजेलिक,positive
37,appeal,अपील,positive
38,appealing,ऐसे,positive
39,appreciate,की,positive
40,appreciated,सराहना,positive
41,appropriate,उपयुक्त,positive
42,approval,अनुमोदन,positive
43,approve,अनुमोदन,positive
44,aspire,अस्पायर,positive
45,assurance,आश्वासन,positive
46,assurances,आश्वासन,positive
47,assuring,सुनिश्चित,positive
48,astonished,बडा,positive
49,astonishing,चौंकाने,positive
50,astounding,आश्चर्यजनक,positive
51,attentive,सचेत,positive
52,attraction,आकर्षण,positive
53,attractive,आकर्षक,positive
54,attractively,आकर्षक,positive
55,auspicious,बनाते,positive
56,authentic,प्रामाणिक,positive
57,autonomous,खुला,positive
58,available,उपलब्ध,positive
59,award,पुरस्कार,positive
60,awarded,से,positive
61,awards,पुरस्कार,positive
62,awe,कर,positive
63,awesome,बेहतरीन,positive
64,awsome,कमाल,positive
65,backbone,मेरुदंड,positive
66,balanced,संतुलित,positive
67,bargain,सौदा,positive
68,beautiful,सुंदर,positive
69,beautifully,खूबसूरती,positive
70,beautify,शोभा,positive
71,beauty,सौंदर्य,positive
72,beloved,प्रिय,positive
73,beneficial,फायदेमंद,positive
74,beneficiary,लाभार्थी,positive
75,benefit,लाभ,positive
76,benefits,लाभ,positive
77,best,सर्वश्रेष्ठ,positive
78,better,बेहतर,positive
79,bless,आशीर्वाद,positive
80,blessing,आशीर्वाद,positive
81,bliss,आनंद,positive
82,blossom,खिलना,positive
83,bolster,ग्लोबस,positive
84,bonus,बोनस,positive
85,bonuses,बोनस,positive
86,boom,बूम,positive
87,booming,रहा,positive
88,boost,को,positive
89,brainy,जानिए,positive
90,brave,बहादुर,positive
91,bravo,ब्रावो,positive
92,breathtaking,लुभावनी,positive
93,breeze,मंद,positive
94,bright,चमकीले,positive
95,brighten,चमकाने,positive
96,brilliance,ब्रिलिएंस,positive
97,brilliant,चमकदार,positive
98,brisk,तेज़ी,positive
99,brotherly,भाई,positive
100,calm,शांति,positive
101,capability,क्षमता,positive
102,capable,योग्य,positive
103,captivating,मनोरम,positive
104,carefree,तनावमुक्त,positive
105,celebrate,का,positive
106,celebrated,मनाया,positive
107,celebration,जश्न,positive
108,champ,विजेता,positive
109,champion,चैंपियन,positive
110,charisma,आकर्षण,positive
111,charismatic,करिश्माई,positive
112,charitable,धर्मार्थ,positive
113,charm,आकर्षण,positive
114,charming,आकर्षक,positive
115,cheaper,सस्ता,positive
116,cheapest,सस्ता,positive
117,cheer,खुश,positive
118,cheerful,खूबसूरत,positive
119,chic,फैशनेबल,positive
120,clarity,स्पष्टता,positive
121,classic,क्लासिक,positive
122,classy,सर्वोत्कृष्ट,positive
123,clean,साफ,positive
124,cleaner,क्लीनर,positive
125,cleanliness,स्वच्छता,positive
126,clear,स्पष्ट,positive
127,cleared,मिट,positive
128,clearly,स्पष्ट,positive
129,clever,चालाक,positive
130,colorful,रंगीन,positive
131,comfort,आराम,positive
132,comfortable,आरामदायक,positive
133,comfortably,आराम,positive
134,comfy,आरामदायक,positive
135,commitment,वचनबद्धता,positive
136,compact,कॉम्पैक्ट,positive
137,compassion,करुणा,positive
138,compassionate,दयावान,positive
139,compatible,अनुकूल,positive
140,competitive,प्रतिस्पर्धी,positive
141,complement,पूरक,positive
142,complementary,पूरक,positive
143,complements,पूरक,positive
144,compliant,अनुरूप,positive
145,compliment,प्रशंसा,positive
146,complimentary,निशुल्क,positive
147,comprehensive,व्यापक,positive
148,concise,संक्षिप्त,positive
149,confidence,आत्मविश्वास,positive
150,congratulation,बधाई,positive
151,congratulations,बधाई,positive
152,consistent,संगत,positive
153,consistently,लगातार,positive
154,constructive,रचनात्मक,positive
155,continuity,कंटीन्यूटी,positive
156,contribution,योगदान,positive
157,convenience,सुविधा,positive
158,convenient,सुविधाजनक,positive
159,convincing,ठोस,positive
160,cool,कूल,positive
161,coolest,ठंडा,positive
162,cooperative,अधिक,positive
163,cornerstone,आधारशिला,positive
164,correct,सही,positive
165,correctly,सही,positive
166,courage,साहस,positive
167,courageous,साहसी,positive
168,courteous,विनम्र,positive
169,covenant,प्रण,positive
170,cozy,आरामदायक,positive
171,creative,रचनात्मक,positive
172,credible,प्रामाणिक,positive
173,crisp,कड़क,positive
174,cure,इलाज,positive
175,cute,प्यारा,positive
176,daring,साहसी,positive
177,darling,डार्लिंग,positive
178,dawn,सूर्योदय,positive
179,dazzle,चमक,positive
180,dazzling,चमकदार,positive
181,decent,सभ्य,positive
182,decisive,निर्णायक,positive
183,dedicated,समर्पित,positive
184,defeat,सबसे,positive
185,defeated,जानवर,positive
186,defeating,को,positive
187,delicate,कोमलता,positive
188,delicious,स्वादिष्ट,positive
189,delight,डिलाईट,positive
190,dependable,विश्वसनीय,positive
191,desirable,वांछनीय,positive
192,desiring,की,positive
193,destiny,भाग्य,positive
194,dignity,इज्जत,positive
195,distinguished,प्रतिष्ठित,positive
196,divine,डीवाइन,positive
197,dominated,छाई,positive
198,durable,टिकाऊ,positive
199,dynamic,गतिशील,positive
200,eager,उत्सुक,positive
201,eagerly,बेसब्री,positive
202,ease,सरलता,positive
203,easier,इतना,positive
204,easiest,सबसे,positive
205,easing,बैंक,positive
206,easy,आसान,positive
207,economical,किफायती,positive
208,educated,शिक्षित,positive
209,effective,प्रभावी,positive
210,effectively,से,positive
211,effectiveness,प्रभावशीलता,positive
212,efficient,कुशल,positive
213,efficiently,इनके,positive
214,effusion,बहाव,positive
215,elan,जोश,positive
216,elegance,भव्यता,positive
217,elegant,सुंदर,positive
218,elevate,भा,positive
219,elite,इलीट,positive
220,eminent,प्रख्यात,positive
221,empower,को,positive
222,empowerment,अधिकारिता,positive
223,enchanting,करामाती,positive
224,encourage,प्रोत्साहित,positive
225,encouragement,प्रोत्साहित,positive
226,encouraging,उत्साहजनक,positive
227,endorse,समर्थन,positive
228,endorsed,समर्थित,positive
229,endorsement,परांकन,positive
230,engaging,आकर्षक,positive
231,enhance,को,positive
232,enhanced,संवर्धित,positive
233,enhancement,वृद्धि,positive
234,enhances,रंग,positive
235,enjoy,का,positive
236,enjoyable,आनंददायक,positive
237,enjoyed,मज़ा,positive
238,enjoying,का,positive
239,enjoyment,गुल,positive
240,enlightenment,आत्मज्ञान,positive
241,enough,पर्याप्त,positive
242,enrich,वाले,positive
243,entertain,मनोरंजन,positive
244,entertaining,मनोरंजक,positive
245,enthusiast,उत्साही,positive
246,enthusiastic,उत्साही,positive
247,entice,प्रलोभन,positive
248,enticing,की,positive
249,envious,सम्मोहक,negative
250,envy,ईर्ष्या,positive
251,ethical,नैतिक,positive
252,everlasting,सदाबहार,positive
253,exceed,पार,positive
254,exceeded,पार,positive
255,exceeding,से,positive
256,exceeds,से,positive
257,excel,एक्सेल,positive
258,excellence,श्रेष्ठता,positive
259,excellent,उत्कृष्ट,positive
260,excellently,विशेष,positive
261,exceptional,असाधारण,positive
262,exceptionally,विशि‍ष्ट,positive
263,excited,उत्तेजित,positive
264,excitement,रोमांच,positive
265,exciting,रोमांचक,positive
266,exquisite,उत्कृष्ट,positive
267,extraordinary,असाधारण,positive
268,eye-catching,मनमोहक,positive
269,fabulous,शानदार,positive
270,fair,मेला,positive
271,fairly,काफी,positive
272,fairness,निष्पक्षता,positive
273,faith,विश्वास,positive
274,faithful,वफादार,positive
275,faithfully,विश्वासपात्र,positive
276,fame,फेम,positive
277,famous,प्रसिद्ध,positive
278,fancier,अधिक,positive
279,fancy,फैंसी,positive
280,fans,प्रशंसकों,positive
281,fantastic,शानदार,positive
282,fascinate,मोहित,positive
283,fascinating,दिलचस्प,positive
284,fashionable,फैशनेबल,positive
285,fast,तेज,positive
286,faster,तेज,positive
287,fastest,तेज,positive
288,fav,मनपसंद,positive
289,fave,पक्ष,positive
290,favor,अहसान,positive
291,favorable,अनुकूल,positive
292,favorite,पसंदीदा,positive
293,favour,पक्ष,positive
294,fearless,दंबगों,positive
295,feat,फीट,positive
296,feisty,साहसी,positive
297,fertile,फ़र्टाइल,positive
298,festive,जलवा,positive
299,fidelity,निष्ठा,positive
300,fiery,तेजस्वी,positive
301,fine,ठीक,positive
302,finely,से,positive
303,finer,बेहतर,positive
304,finest,बेहतरीन,positive
305,flattering,प्रशंसनीय,positive
306,flawless,फ्लॉलेस,positive
307,flexibility,लचीलेपन,positive
308,flexible,लचीला,positive
309,fluent,निपुण,positive
310,flutter,स्पंदन,positive
311,fond,शौकीन,positive
312,foremost,महत्वपूर्ण,positive
313,fortunate,भाग्यशाली,positive
314,fortunately,सौभाग्य,positive
315,fortune,भाग्य,positive
316,free,नि,positive
317,freedom,स्वतंत्रता,positive
318,fresh,ताजा,positive
319,friendly,अनुकूल,positive
320,fulfillment,पूर्ति,positive
321,fun,मजेदार,positive
322,futuristic,भविष्यउन्मुखी,positive
323,gain,बढ़ना,positive
324,gained,कर,positive
325,gains,मजबूत,positive
326,galore,प्रचुर,positive
327,gem,रत्न,positive
328,gems,रत्न,positive
329,generous,उदार,positive
330,genius,प्रतिभा,positive
331,gentle,जेंटल,positive
332,genuine,असली,positive
333,gifted,प्रतिभाशाली,positive
334,glad,खुशी,positive
335,glamorous,आपके,positive
336,glitter,चमकीली,positive
337,glitz,तड़क,positive
338,glorify,को,positive
339,glory,ग्लोरी,positive
340,glow,चमक,positive
341,glowing,चमकना,positive
342,godsend,का,positive
343,gold,सोना,positive
344,golden,गोल्डन,positive
345,good,अच्छा,positive
346,goodness,अच्छाई,positive
347,gorgeous,खूबसूरत,positive
348,grace,ग्रेस,positive
349,graceful,गरीमामय,positive
350,gracious,विनीत,positive
351,grand,ग्रैंड,positive
352,grateful,आभारी,positive
353,gratifying,संतुष्टिदायक,positive
354,gratitude,नम,positive
355,great,महान,positive
356,greatest,महान,positive
357,greatness,महानता,positive
358,grin,मुसकुराहट,positive
359,groundbreaking,अभूतपूर्व,positive
360,guarantee,गारंटी,positive
361,guidance,मार्गदर्शन,positive
362,gusto,जोश,positive
363,hail,जय,positive
364,hallmark,प्रमाण,positive
365,handsome,सुंदर,positive
366,handy,सुलभ,positive
367,happier,खुश,positive
368,happily,खुशी,positive
369,happiness,खुशी,positive
370,happy,खुश,positive
371,hardy,पीछे,positive
372,harmless,हानिरहित,positive
373,harmony,मेल,positive
374,heal,चंगा,positive
375,healthy,स्वस्थ,positive
376,heartwarming,दिली,positive
377,heaven,स्वर्ग,positive
378,heavenly,अलौकिक,positive
379,helped,कुछ,positive
380,helpful,सहायक,positive
381,helping,मदद,positive
382,hero,हीरो,positive
383,heroine,हीरोइन,positive
384,hilarious,प्रफुल्लित,positive
385,holy,पवित्र,positive
386,homage,जलसा,positive
387,honest,ईमानदार,positive
388,honesty,ईमानदारी,positive
389,honor,सम्मान,positive
390,honorable,सम्मानित,positive
391,honored,सम्मानित,positive
392,hooray,हुर्रे,positive
393,hopeful,अच्छा,positive
394,hot,गर्म,positive
395,hottest,हॉटैस्ट,positive
396,hug,आलिंगन,positive
397,humane,मानव,positive
398,humble,विनम्र,positive
399,humor,हास्य,positive
400,ideal,आदर्श,positive
401,ideally,आदर्श,positive
402,idol,आइडल,positive
403,imaginative,इमेजनेटिव,positive
404,immaculate,त्रुटिहीन,positive
405,immense,विशाल,positive
406,important,महत्वपूर्ण,positive
407,impress,प्रभावित,positive
408,impressed,प्रभावित,positive
409,impressive,प्रभावशील,positive
410,improve,में,positive
411,improved,सुधार,positive
412,improvement,सुधार,positive
413,improvements,सुधार,positive
414,improves,शारीरिक,positive
415,incredible,अविश्वसनीय,positive
416,incredibly,अविश्वसनीय,positive
417,inexpensive,सस्ती,positive
418,infallible,अचूक,positive
419,influential,प्रभावशाली,positive
420,innovation,नवाचार,positive
421,innovative,नवीन,positive
422,insightful,पुरे,positive
423,inspiration,प्रेरणा,positive
424,inspirational,प्रेरणादायक,positive
425,inspire,प्रेरित,positive
426,inspiring,प्रेरक,positive
427,instantly,तुरन्त,positive
428,integral,एकीकृत,positive
429,integrated,एकीकृत,positive
430,intelligence,बुद्धि,positive
431,intelligent,बुद्धिमान,positive
432,interesting,दिलचस्प,positive
433,interests,हितों,positive
434,intimacy,अंतरंगता,positive
435,intimate,इंटीमेट,positive
436,intricate,बारीक,positive
437,intriguing,पेचीदा,positive
438,intuitive,मज़ेदार,positive
439,invincible,अजेय,positive
440,irresistible,प्रबल,positive
441,jolly,जॉली,positive
442,joy,आनन्द,positive
443,keen,उतावला,positive
444,kindly,कृपया,positive
445,kindness,दया,positive
446,knowledgeable,ज्ञान,positive
447,kudos,तारीफ,positive
448,lawful,विधिमान्य,positive
449,lead,नेतृत्व,positive
450,leading,प्रमुख,positive
451,leads,आगे,positive
452,lean,दुबला,positive
453,led,श्रेष्ठ,positive
454,legendary,पौराणिक,positive
455,leverage,लाभ,positive
456,liberate,पाप,positive
457,liberty,लिबर्टी,positive
458,lighter,हल्का,positive
459,like,की,positive
460,liked,पसंद,positive
461,likes,पसंद,positive
462,liking,पसंद,positive
463,lively,जीवंत,positive
464,logical,तार्किक,positive
465,love,प्यार,positive
466,loved,प्यार,positive
467,lovely,प्यारा,positive
468,lover,प्रेमी,positive
469,loves,प्यार,positive
470,loving,प्यार,positive
471,loyal,वफादार,positive
472,loyalty,वफादारी,positive
473,lucid,स्पष्ट,positive
474,luck,भाग्य,positive
475,lucky,भाग्यशाली,positive
476,luminous,चमकदार,positive
477,lush,रसीला,positive
478,luster,आभा,positive
479,luxury,लग्ज़री,positive
480,magic,जादू,positive
481,magical,जादुई,positive
482,magnificent,शानदार,positive
483,majestic,आलीशान,positive
484,marvel,अचंभा,positive
485,marvellous,अद्भुत,positive
486,marvelous,लजीज,positive
487,master,मास्टर,positive
488,masterpiece,मास्टरपीस,positive
489,masters,स्वामी,positive
490,mature,परिपक्व,positive
491,maturity,परिपक्वता,positive
492,memorable,यादगार,positive
493,merciful,दयालु,positive
494,mercy,दया,positive
495,merit,शिक्षक,positive
496,merry,मैरी,positive
497,mesmerizing,मन,positive
498,meticulous,सूक्ष्म,positive
499,mighty,पराक्रमी,positive
500,mind-blowing,जो,positive
501,miracle,चमत्कार,positive
502,miracles,चमत्कारों,positive
503,miraculous,तिलस्मी,positive
504,modern,आधुनिक,positive
505,modesty,इस,positive
506,monumental,यादगार,positive
507,morality,नैतिकता,positive
508,motivated,प्रेरित,positive
509,neat,साफ,positive
510,neatly,अच्छे,positive
511,nice,अच्छा,positive
512,nicely,अच्छी,positive
513,noble,नोबल,positive
514,noteworthy,उल्लेखनीय,positive
515,oasis,ओएसिस,positive
516,obsession,जूनून,positive
517,openly,का,positive
518,optimal,इष्टतम,positive
519,optimism,आशावाद,positive
520,optimistic,आशावादी,positive
521,orderly,व्यवस्थित,positive
522,outdone,ने,positive
523,outperform,सोकर,positive
524,outstanding,बकाया,positive
525,ovation,ओवेशन,positive
526,painless,दर्दरहित,positive
527,paradise,स्वर्ग,positive
528,pardon,माफी,positive
529,passion,जुनून,positive
530,passionate,जुनूनी,positive
531,patience,धैर्य,positive
532,patient,रोगी,positive
533,patriot,देशभक्ति,positive
534,peace,शांति,positive
535,peaceful,शांतिपूर्ण,positive
536,peach,आड़ू,positive
537,pep,उत्साहवर्धक,positive
538,peppy,जोशीले,positive
539,perfect,सही,positive
540,perfection,से,positive
541,perfectly,सही,positive
542,personalized,निजीकृत,positive
543,phenomenal,अद्भुत,positive
544,piety,पुण्यशीलता,positive
545,playful,चंचल,positive
546,pleasant,सुखद,positive
547,pleasantly,सुख,positive
548,pleased,खुश,positive
549,pleasure,खुशी,positive
550,plush,हमेशा,positive
551,poise,संतुलन,positive
552,polished,पॉलिश्ड,positive
553,polite,विनम्र,positive
554,popular,लोकप्रिय,positive
555,portable,पोर्टेबल,positive
556,posh,बढि़या,positive
557,positive,सकारात्मक,positive
558,positively,सकारात्मक,positive
559,powerful,शक्तिशाली,positive
560,praise,आरती,positive
561,precious,कीमती,positive
562,precise,सटीक,positive
563,precisely,ठीक,positive
564,prefer,क्या,positive
565,preferable,बेहतर,positive
566,prefers,हम,positive
567,premier,प्रीमियर,positive
568,prestigious,प्रतिष्ठित,positive
569,pretty,सुंदर,positive
570,priceless,अमूल्य,positive
571,pride,गर्व,positive
572,privilege,सौभाग्य,positive
573,prize,पुरस्कार,positive
574,productive,उत्पादक,positive
575,proficient,कुशल,positive
576,profoundly,पूरी,positive
577,progress,प्रगति,positive
578,progressive,प्रगतिशील,positive
579,prominent,प्रमुख,positive
580,promise,वादा,positive
581,promised,वादा,positive
582,promises,वादे,positive
583,promoter,प्रमोटर,positive
584,prompt,त्वरित,positive
585,promptly,तुरंत,positive
586,proper,उचित,positive
587,properly,सही,positive
588,pros,प्रॉस,positive
589,prosper,समृद्ध,positive
590,prosperity,समृद्धि,positive
591,prosperous,खुशहाल,positive
592,protect,रक्षा,positive
593,protection,सुरक्षा,positive
594,protective,सुरक्षात्मक,positive
595,proud,गर्व,positive
596,proven,सिद्ध,positive
597,proves,साबित,positive
598,punctual,पाबंदी,positive
599,pure,शुद्ध,positive
600,qualified,सुयोग्य,positive
601,qualify,अर्हता,positive
602,quiet,शांत,positive
603,radiance,लाता,positive
604,radiant,चमकीला,positive
605,rapid,तेज,positive
606,rational,तर्कसंगत,positive
607,readable,पठनीय,positive
608,readily,आसानी,positive
609,ready,तैयार,positive
610,realistic,वास्तविक,positive
611,reasonable,उचित,positive
612,reasonably,उचित,positive
613,reclaim,प्राप्ति,positive
614,recomend,सुझाव,positive
615,recommend,सिफारिश,positive
616,recommendation,सिफारिश,positive
617,recommendations,सुझाव,positive
618,recommended,अनुशंसित,positive
619,reconcile,सामंजस्य,positive
620,reconciliation,सुलह,positive
621,recover,लगे,positive
622,recovery,रिकवरी,positive
623,rectify,सुधारने,positive
624,rectifying,का,positive
625,redeem,रीडीम,positive
626,redemption,मुक्ति,positive
627,refine,परिष्कृत,positive
628,reform,सुधार,positive
629,reforms,सुधार,positive
630,refresh,ताजा,positive
631,refreshed,रिफ्रेश,positive
632,refreshing,ताज़ी,positive
633,refund,वापसी,positive
634,refunded,वापिस,positive
635,regal,राजसी,positive
636,regard,संबंध,positive
637,rejuvenated,जोशपूर्ण,positive
638,relaxed,आराम,positive
639,reliable,विश्वसनीय,positive
640,relief,राहत,positive
641,remarkable,उल्लेखनीय,positive
642,remedy,उपाय,positive
643,renaissance,अ,positive
644,renowned,प्रसिद्ध,positive
645,replaceable,बदले,positive
646,reputation,प्रतिष्ठा,positive
647,respect,सम्मान,positive
648,respectful,सम्मानित,positive
649,responsibly,जिम्मेदारी,positive
650,responsive,जवाबदेह,positive
651,restored,सुधारा,positive
652,restructuring,पुनर्गठन,positive
653,revel,आनंद,positive
654,revelation,रहस्योद्घाटन,positive
655,revival,पुनरुद्धार,positive
656,revive,पुनर्जीवित,positive
657,revolutionary,क्रांतिकारी,positive
658,reward,इनाम,positive
659,rewarding,पुण्यमय,positive
660,rich,अमीर,positive
661,richness,होंगी,positive
662,right,सही,positive
663,righteousness,लक्ष्य,positive
664,rightfully,सही,positive
665,robust,मजबूत,positive
666,rockstar,रॉकस्टार,positive
667,romantic,रोमांटिक,positive
668,safe,सुरक्षित,positive
669,safely,सुरक्षित,positive
670,saint,संत,positive
671,salute,सलाम,positive
672,sane,मत,positive
673,satisfactory,संतोषजनक,positive
674,satisfied,संतुष्ट,positive
675,satisfies,अपनी,positive
676,satisfying,संतोषजनक,positive
677,saver,सेवर,positive
678,savings,बचत,positive
679,savior,उद्धारकर्ता,positive
680,savvy,आज,positive
681,scenic,सुंदर,positive
682,seamless,अखंड,positive
683,secure,सुरक्षित,positive
684,securely,सुरक्षित,positive
685,selective,चयनात्मक,positive
686,sensation,सनसनी,positive
687,sensational,सनसनीखेज,positive
688,sensible,समझदार,positive
689,sensitive,संवेदनशील,positive
690,sexy,सेक्सी,positive
691,sharp,कोना,positive
692,sharper,के,positive
693,shine,चमक,positive
694,shiny,चमकीले,positive
695,significant,महत्वपूर्ण,positive
696,silent,मौन,positive
697,simpler,सरल,positive
698,simplest,सरल,positive
699,simplified,सरलीकृत,positive
700,simplifies,को,positive
701,sincere,हार्दिक,positive
702,sincerely,दिल,positive
703,skill,कौशल,positive
704,skilled,कुशल,positive
705,sleek,संकरे,positive
706,slick,स्लिक,positive
707,smart,स्मार्ट,positive
708,smarter,ज्यादा,positive
709,smartly,सुंदर,positive
710,smile,मुस्कुराओ,positive
711,smiles,मुस्कराती,positive
712,smiling,मुस्कुराते,positive
713,smooth,चिकना,positive
714,smoothly,सुचारु,positive
715,soft,नरम,positive
716,solace,सोलेस,positive
717,solid,ठोस,positive
718,soothe,को,positive
719,sophisticated,सोफिस्टिकेटिड,positive
720,spacious,बहुत,positive
721,sparkle,द्वारा,positive
722,sparkling,स्पार्कलिंग,positive
723,spectacular,शानदार,positive
724,speedy,तेज,positive
725,spiritual,आध्यात्मिक,positive
726,spontaneous,सहज,positive
727,sporty,स्पोरटी,positive
728,stability,स्थिरता,positive
729,stabilize,स्थिर,positive
730,stable,स्थिर,positive
731,stainless,स्टेनलेस,positive
732,stately,आलीशान,positive
733,steadfast,स्टेडफास्ट,positive
734,steady,स्थिर,positive
735,stellar,तारकीय,positive
736,striking,आकर्षक,positive
737,striving,प्रयास,positive
738,strong,मजबूत,positive
739,stronger,मजबूत,positive
740,strongest,सबसे,positive
741,stunned,दंग,positive
742,stunning,आश्चर्यजनक,positive
743,stunningly,के,positive
744,sturdy,मज़बूत,positive
745,stylish,स्टाइलिश,positive
746,suave,वाले,positive
747,sublime,का,positive
748,succeed,सफल,positive
749,succeeded,सफल,positive
750,succes,सफलता,positive
751,success,सफलता,positive
752,successful,सफल,positive
753,successfully,सफलतापूर्वक,positive
754,sufficient,पर्याप्त,positive
755,sufficiently,पर्याप्त,positive
756,suitable,उपयुक्त,positive
757,super,सुपर,positive
758,superb,शानदार,positive
759,superior,बेहतर,positive
760,supple,नाजुक,positive
761,support,समर्थन,positive
762,supported,समर्थित,positive
763,supporter,सपोर्टर,positive
764,supporting,समर्थन,positive
765,supportive,सहयोगी,positive
766,supports,का,positive
767,supremacy,वर्चस्व,positive
768,supreme,सर्वोच्च,positive
769,survival,बचना,positive
770,survivor,उत्तरजीवी,positive
771,sustainability,स्थिरता,positive
772,sustainable,सतत,positive
773,swanky,शानदार,positive
774,sweeping,को,positive
775,sweet,मीठा,positive
776,sweetheart,मेरे,positive
777,sweetness,मिठास,positive
778,swift,स्विफ्ट,positive
779,talent,प्रतिभा,positive
780,talented,प्रतिभाशाली,positive
781,talents,प्रतिभा,positive
782,tender,टेंडर,positive
783,terrific,बहुत,positive
784,thank,धन्यवाद,positive
785,thankful,कृतज्ञ,positive
786,thoughtful,वैचारिक,positive
787,thoughtfulness,सावधानी,positive
788,thrift,किफायती,positive
789,thrill,रोमांच,positive
790,thrilled,रोमांचित,positive
791,thriving,फलते,positive
792,tickle,गुदगुदी,positive
793,tidy,सुव्यवस्थित,positive
794,timely,समय,positive
795,top,शीर्ष,positive
796,tops,अव्वल,positive
797,tough,कड़ी,positive
798,traction,घर्षण,positive
799,transparent,पारदर्शी,positive
800,treasure,खजाना,positive
801,trendy,ट्रेंडी,positive
802,triumph,ट्राइंफ,positive
803,trophy,ट्रॉफी,positive
804,trust,पर,positive
805,trusted,विश्वसनीय,positive
806,trustworthy,भरोसेमंद,positive
807,truthfully,सच,positive
808,unabashed,आवरणरहति,positive
809,unbeatable,अद्वितीय,positive
810,uncomplicated,सरल,positive
811,unforgettable,अविस्मरणीय,positive
812,unity,एकता,positive
813,unlimited,असीमित,positive
814,unquestionably,मोहरा,positive
815,upgraded,अपग्रेडेड,positive
816,uplift,बनी,positive
817,uplifting,प्रेरक,positive
818,usable,प्रयोग,positive
819,useful,उपयोगी,positive
820,valuable,कीमती,positive
821,variety,किस्म,positive
822,versatile,चलन,positive
823,vibrant,जीवंत,positive
824,victory,जीत,positive
825,viewable,देख,positive
826,virtue,गुण,positive
827,virtuous,गुणी,positive
828,vivid,विशद,positive
829,warm,गर्म,positive
830,warmer,गर्म,positive
831,warmth,गर्माहट,positive
832,wealthy,धनी,positive
833,welcome,आपका,positive
834,well,अच्छी,positive
835,well-being,भलाई,positive
836,willing,हाजिरी,positive
837,win,जीत,positive
838,winner,विजेता,positive
839,winners,विजेताओं,positive
840,winning,विजेता,positive
841,wins,जीत,positive
842,wisdom,ज्ञान,positive
843,wise,बुद्धिमान,positive
844,wisely,बुद्धिमानी,positive
845,witty,मजाकिया,positive
846,won,जीता,positive
847,wonder,आश्चर्य,positive
848,wonderful,अद्भुत,positive
849,wonderfully,का,positive
850,wonders,आश्चर्य,positive
851,woo,वू,positive
852,work,काम,positive
853,worked,काम,positive
854,works,काम,positive
855,worth,लायक,positive
856,worthwhile,सार्थक,positive
857,worthy,लायक,positive
858,wow,वाह,positive
859,wowed,पाम,positive
860,yay,हां,positive
861,youthful,युवा,positive
862,zest,का,positive
863,abnormal,असामान्य,negative
864,aborted,फ्लेशिंग,negative
865,abrasive,संपर्क,negative
866,absence,अनुपस्थिति,negative
867,absentee,अनुपस्थित,negative
868,abuse,दुरुपयोग,negative
869,abused,उत्पीड़न,negative
870,abusive,अपमानजनक,negative
871,accidental,दुर्घटना,negative
872,accusation,आरोप,negative
873,accuse,आरोप,negative
874,ache,में,negative
875,ached,पसीजा,negative
876,aches,का,negative
877,aching,दर्द,negative
878,addict,नशेड़ी,negative
879,addicted,आदी,negative
880,addicting,लत,negative
881,adverse,प्रतिकूल,negative
882,adversity,के,negative
883,afraid,डरना,negative
884,aggression,आक्रामकता,negative
885,aggressive,आक्रामक,negative
886,alarm,अलार्म,negative
887,allergic,एलर्जिक,negative
888,allergies,एलर्जी,negative
889,allergy,एलर्जी,negative
890,aloof,अलग,negative
891,ambiguous,अस्पष्ट,negative
892,anarchy,अराजकता,negative
893,anger,उबाल,negative
894,angry,गुस्सा,negative
895,annoy,परेशान,negative
896,annoyed,नाराज,negative
897,annoying,नखरीली,negative
898,annoys,गुस्सा,negative
899,antagonist,विलन,negative
900,anxiety,चिंता,negative
901,anxious,उत्सुक,negative
902,apocalypse,सर्वनाश,negative
903,arbitrary,मनमाना,negative
904,arrogant,एरोगेंट,negative
905,ashamed,शर्मिंदा,negative
906,assassin,असैसिन,negative
907,assault,हमला,negative
908,atrocities,दुष्कर्म,negative
909,attack,हमला,negative
910,attacks,हमले,negative
911,avalanche,हिमस्खलन,negative
912,averse,के,negative
913,awful,बहुत,negative
914,awkward,अजीब,negative
915,ax,एएक्स,negative
916,backache,पीठदर्द,negative
917,backward,पीछे,negative
918,bad,बुरा,negative
919,badly,बुरी,negative
920,bankrupt,दिवालिया,negative
921,bash,बैश,negative
922,bastard,कमीने,negative
923,bastards,कमीने,negative
924,battered,पीड़ित,negative
925,beg,भीख,negative
926,beggar,भिखारी,negative
927,begging,भीख,negative
928,belated,विलम्बित,negative
929,belligerent,जुझारू,negative
930,bent,आमादा,negative
931,bereavement,शोक,negative
932,betrayal,धोखा,negative
933,beware,सावधान,negative
934,bewildering,विस्मयकारी,negative
935,bias,पक्षपात,negative
936,biased,पक्षपाती,negative
937,biting,काटना,negative
938,bitter,कड़वा,negative
939,bizarre,विचित्र,negative
940,blah,ब्ला,negative
941,blame,दोष,negative
942,bland,फीका,negative
943,bleed,खून,negative
944,bleeding,ब्लीडिंग,negative
945,blemish,दाग,negative
946,blind,अंधा,negative
947,blister,छाला,negative
948,bloated,ब्लोटेड,negative
949,bloody,खूनी,negative
950,blow,आघात,negative
951,blunt,कुंद,negative
952,blur,धुंधलापन,negative
953,blurred,धुंधली,negative
954,blurring,ब्लर्रिंग,negative
955,bogus,पदों,negative
956,boil,उबालने,negative
957,boiling,उबलना,negative
958,boisterous,मस्ती,negative
959,bomb,बम,negative
960,bombard,ने,negative
961,bore,बोर,negative
962,bored,ऊबना,negative
963,boredom,बोरियत,negative
964,boring,उबाऊ,negative
965,bother,परेशान,negative
966,bothering,परेशान,negative
967,bothers,परेशान,negative
968,boycott,बहिष्कार,negative
969,brat,साहबजादा,negative
970,breach,उल्लंघन,negative
971,break,ब्रेक,negative
972,breakdown,टूटना,negative
973,breaking,ब्रेकिंग,negative
974,breaks,टूट,negative
975,bribery,ने,negative
976,brittle,की,negative
977,broke,तोड़,negative
978,broken,टूटा,negative
979,bruising,चोट,negative
980,brutal,क्रूर,negative
981,brute,पाशविक,negative
982,bs,बी,negative
983,buckle,बकल,negative
984,bug,बग,negative
985,buggy,बगी,negative
986,bugs,कीड़े,negative
987,bullies,बुलीज,negative
988,bullshit,बकवास,negative
989,bully,बुली,negative
990,bullying,बदमाशी,negative
991,bump,अर्चन,negative
992,bumps,घाव,negative
993,bunk,बंक,negative
994,burden,बोझ,negative
995,burn,जलाना,negative
996,burned,फूंका,negative
997,burning,जलना,negative
998,burns,जला,negative
999,bust,सीना,negative
1000,butcher,कसाई,negative
1001,calamities,आपदाएं,negative
1002,calamity,आपदा,negative
1003,cancer,कैंसर,negative
1004,cannibal,नरभक्षक,negative
1005,capricious,मौजी,negative
1006,careless,लापरवाह,negative
1007,caricature,कार्टून,negative
1008,carp,कार्प,negative
1009,casualty,घायल,negative
1010,catastrophe,तबाही,negative
1011,cave,गुफा,negative
1012,challenging,रहा,negative
1013,chaos,हलचल,negative
1014,cheap,सस्ते,negative
1015,cheat,धोखा,negative
1016,cheated,धोखा,negative
1017,cheating,धोखा,negative
1018,cheats,छिपा,negative
1019,childish,बचकाना,negative
1020,chill,चिल,negative
1021,chilly,मिर्च,negative
1022,chore,का,negative
1023,chronic,चिरकालिक,negative
1024,clogged,जाम,negative
1025,cloud,क्लाउड,negative
1026,cloudy,बादल,negative
1027,clueless,अंजान,negative
1028,clunky,भद्दी,negative
1029,coarse,अपरिष्कृत,negative
1030,coercion,मानस,negative
1031,cold,ठंड,negative
1032,collapse,ढहना,negative
1033,comical,आनंदप्रद,negative
1034,commotion,मची,negative
1035,complain,शिकायत,negative
1036,complaining,शिकायत,negative
1037,complaint,शिकायत,negative
1038,complaints,शिकायतें,negative
1039,complex,जटिल,negative
1040,complicated,जटिल,negative
1041,compulsive,बाध्यकारी,negative
1042,concern,चिंता,negative
1043,concerned,चिंतित,negative
1044,concerns,चिंता,negative
1045,confess,मानता,negative
1046,confession,गल्ती,negative
1047,confined,सीमित,negative
1048,conflict,संघर्ष,negative
1049,conflicting,विरोधाभाषी,negative
1050,conflicts,विरोधों,negative
1051,confounded,हैरान,negative
1052,confounding,गड़बड़ी,negative
1053,confused,उलझन,negative
1054,confusing,भ्रामक,negative
1055,confusion,असमंजस,negative
1056,congestion,रुकावट़,negative
1057,cons,विपक्ष,negative
1058,conservative,कंजर्वेटिव,negative
1059,conspicuous,प्रत्यक्ष,negative
1060,conspiracy,गहरी,negative
1061,consternation,घबराहट,negative
1062,contagious,संक्रामक,negative
1063,contaminated,गांव,negative
1064,contamination,संदूषण,negative
1065,contempt,अवहेलना,negative
1066,controversial,विवादास्पद,negative
1067,controversy,कंट्रोवर्सी,negative
1068,corrosion,जंग,negative
1069,corrosive,संक्षारक,negative
1070,corrupt,भ्रष्ट,negative
1071,corrupted,भ्रष्ट,negative
1072,corruption,भ्रष्टाचार,negative
1073,costlier,महंगे,negative
1074,costly,महंगा,negative
1075,crack,क्रैक,negative
1076,cracked,टूटी,negative
1077,cracks,दरार,negative
1078,crap,इस,negative
1079,crash,दुर्घटना,negative
1080,crashed,दुर्घटनाग्रस्त,negative
1081,crashes,करने,negative
1082,crashing,दुर्घटनाग्रस्त,negative
1083,crazy,पागल,negative
1084,creep,डरावना,negative
1085,creeping,रेंगती,negative
1086,creeps,चिंताएं,negative
1087,creepy,डरावने,negative
1088,crime,अपराध,negative
1089,criminal,आपराधिक,negative
1090,cripples,अपंग,negative
1091,crisis,संकट,negative
1092,critic,आलोचक,negative
1093,critical,महत्वपूर्ण,negative
1094,criticism,आलोचना,negative
1095,criticisms,रूढ़िवादि,negative
1096,criticizing,आलोचना,negative
1097,critics,आलोचकों,negative
1098,crook,बदमाश,negative
1099,crooked,कुटिल,negative
1100,crooks,बदमाश,negative
1101,crowded,भीड़,negative
1102,crude,कच्चा,negative
1103,cruelty,क्रूरता,negative
1104,crumbling,पेस्ट्री,negative
1105,crush,क्रश,negative
1106,crushed,कुचला,negative
1107,cry,रोना,negative
1108,curse,अभिशाप,negative
1109,cuss,कसम,negative
1110,damage,क्षति,negative
1111,damaged,क्षतिग्रस्त,negative
1112,damages,हर्जाना,negative
1113,damaging,को,negative
1114,damn,लानत,negative
1115,damned,अभिशप्त,negative
1116,danger,खतरा,negative
1117,dangerous,खतरनाक,negative
1118,dark,गहरा,negative
1119,darkness,अंधेरा,negative
1120,daze,डेज,negative
1121,dazed,घबराया,negative
1122,dead,मृत,negative
1123,deadly,घातक,negative
1124,deaf,बहरा,negative
1125,death,मृत्यु,negative
1126,debt,ऋण,negative
1127,debts,ऋण,negative
1128,decadent,अनैतिक,negative
1129,decay,क्षय,negative
1130,deceit,धोखा,negative
1131,deceitful,ये,negative
1132,deceive,धोखा,negative
1133,deceiving,धोखा,negative
1134,deception,ने,negative
1135,decline,गिरावट,negative
1136,declines,का,negative
1137,defamation,मानहानि,negative
1138,defect,दोष,negative
1139,defective,दोषपूर्ण,negative
1140,defects,दोष,negative
1141,defensive,रक्षात्मक,negative
1142,deficiencies,विकारों,negative
1143,deficiency,डेफिसिएंसी,negative
1144,defy,को,negative
1145,degeneration,अध,negative
1146,degradation,में,negative
1147,delay,देरी,negative
1148,delayed,देरी,negative
1149,delays,ऑपरेशन,negative
1150,delusion,की,negative
1151,demise,मौत,negative
1152,demon,दानव,negative
1153,denial,इनकार,negative
1154,denied,इनकार,negative
1155,dense,सघन,negative
1156,dents,खरोंच,negative
1157,deny,इनकार,negative
1158,deplete,खाली,negative
1159,depressed,उदास,negative
1160,depression,डिप्रेशन,negative
1161,deprived,वंचित,negative
1162,desert,रेगिस्तान,negative
1163,despair,निराशा,negative
1164,desperate,मायूस,negative
1165,desperation,हताशा,negative
1166,destroy,नष्ट,negative
1167,destruction,विनाश,negative
1168,destructive,विनाशकारी,negative
1169,deter,को,negative
1170,deterrent,निवारक,negative
1171,devastation,तबाही,negative
1172,deviation,विचलन,negative
1173,devil,शैतान,negative
1174,devious,कुटिल,negative
1175,devoid,रहित,negative
1176,dick,लंड,negative
1177,die,मरना,negative
1178,died,मर,negative
1179,dies,की,negative
1180,difficult,मुश्किल,negative
1181,difficulties,में,negative
1182,difficulty,बड़ी,negative
1183,dilemma,दुविधा,negative
1184,dim,मंद,negative
1185,dimmer,मद्धम,negative
1186,ding,डिंग,negative
1187,dings,खनखन,negative
1188,dire,डायर,negative
1189,dirt,वाली,negative
1190,dirty,गंदा,negative
1191,disable,निष्क्रिय,negative
1192,disabled,अक्षम,negative
1193,disadvantage,नुकसान,negative
1194,disadvantages,नुकसान,negative
1195,disagree,असहमत,negative
1196,disagreement,धक्कामुक्की,negative
1197,disappoint,को,negative
1198,disappointed,निराश,negative
1199,disappointing,निराशाजनक,negative
1200,disappointments,निराशा,negative
1201,disaster,आपदा,negative
1202,disastrous,विनाशकारी,negative
1203,discomfort,में,negative
1204,discontinued,बंद,negative
1205,discord,कलह,negative
1206,discourage,को,negative
1207,discrimination,भेदभाव,negative
1208,disdain,घृणा,negative
1209,disgrace,अपमान,negative
1210,dishonest,बेईमान,negative
1211,dishonor,अनादर,negative
1212,dislike,नापसंदगी,negative
1213,dislikes,नापसंद,negative
1214,dislocated,अव्यवस्थित,negative
1215,disobedience,अवज्ञा,negative
1216,disorder,विकार,negative
1217,dispute,विवाद,negative
1218,disputed,विवादित,negative
1219,disruption,व्यवधान,negative
1220,dissatisfied,असंतुष्ट,negative
1221,dissed,का,negative
1222,dissonance,मतभेद,negative
1223,distortion,डिस्टोर्शन,negative
1224,distress,संकट,negative
1225,disturb,परेशान,negative
1226,disturbance,हंगामा,negative
1227,dizzy,चक्कर,negative
1228,doom,कयामत,negative
1229,dope,डोप,negative
1230,doubt,शक,negative
1231,doubtful,संदिग्ध,negative
1232,doubts,संदेह,negative
1233,downside,सवाल,negative
1234,drag,खींचें,negative
1235,drain,नाली,negative
1236,drained,वाली,negative
1237,drastic,भारी,negative
1238,drawback,ड्रॉबैक,negative
1239,dreadful,भयानक,negative
1240,dropout,छोड़ने,negative
1241,drought,सूखे,negative
1242,drowning,डूब,negative
1243,drunk,नशे,negative
1244,dubious,इस,negative
1245,dull,सुस्त,negative
1246,dumb,गूंगा,negative
1247,dump,डंप,negative
1248,dumped,की,negative
1249,dungeon,कालकोठरी,negative
1250,dust,धूल,negative
1251,dusty,गन्दे,negative
1252,dying,दम,negative
1253,elimination,निष्कासन,negative
1254,embarrass,शर्मिंदा,negative
1255,embarrassing,शर्मनाक,negative
1256,emergency,आपातकालीन,negative
1257,enemies,दुश्मन,negative
1258,enemy,दुश्मन,negative
1259,entangle,को,negative
1260,epidemic,संक्रामक,negative
1261,erase,मिटा,negative
1262,erosion,कटाव,negative
1263,error,त्रुटि,negative
1264,errors,त्रुटियां,negative
1265,escapade,एस्कपेड,negative
1266,evasion,की,negative
1267,evil,बुराई,negative
1268,exaggeration,अतिशयोक्ति,negative
1269,excessive,अत्यधिक,negative
1270,excessively,देना,negative
1271,exclusion,अपवर्जन,negative
1272,excuse,बहाना,negative
1273,excuses,बहाने,negative
1274,exhaust,निकास,negative
1275,exhausted,थका,negative
1276,expensive,महंगा,negative
1277,expire,समाप्त,negative
1278,expired,समाप्त,negative
1279,explode,लगभग,negative
1280,exploit,शोषित,negative
1281,exploitation,शोषण,negative
1282,explosive,विस्फोटक,negative
1283,extinguish,कब,negative
1284,extravagant,खर्चीले,negative
1285,fabrication,निर्माण,negative
1286,fail,विफल,negative
1287,failed,विफल,negative
1288,fails,विफल,negative
1289,failure,विफलता,negative
1290,failures,विफलता,negative
1291,faint,कमजोर,negative
1292,fake,नकली,negative
1293,fall,पड़ना,negative
1294,fallen,प्यार,negative
1295,falling,गिरना,negative
1296,falls,नीचे,negative
1297,false,बनावटी,negative
1298,famine,दुष्काल,negative
1299,fanatic,कट्टर,negative
1300,fanatics,फैनाटिक्स,negative
1301,farce,को,negative
1302,fascism,फासीवाद,negative
1303,fascist,फासीवादी,negative
1304,fat,वसा,negative
1305,fatal,घातक,negative
1306,fatigue,थकान,negative
1307,fatty,फैटी,negative
1308,fault,आखिर,negative
1309,faulty,दोषपूर्ण,negative
1310,fear,डर,negative
1311,fears,भय,negative
1312,feckless,बेफिक्र,negative
1313,fell,गिर,negative
1314,fever,वात,negative
1315,fickle,चंचल,negative
1316,fiction,काल्पनिक,negative
1317,fictional,काल्पनिक,negative
1318,fiend,के,negative
1319,fierce,बहतरीन,negative
1320,fist,मुट्ठी,negative
1321,flagging,फ्लैगिंग,negative
1322,flair,मज़ा,negative
1323,flake,पागल,negative
1324,flare,चमकाना,negative
1325,flaunt,लैक्मे,negative
1326,flaw,दोष,negative
1327,flawed,त्रुटिपूर्ण,negative
1328,flee,पिस्सू,negative
1329,fleeting,क्षणिक,negative
1330,flirt,फ्लर्ट,negative
1331,flirty,शोख,negative
1332,foe,दुश्मन,negative
1333,fool,बेवकूफ,negative
1334,fooled,ने,negative
1335,foolish,बेवकूफ,negative
1336,forbid,न,negative
1337,forbidden,वर्जित,negative
1338,forged,ने,negative
1339,foul,एक,negative
1340,fracture,फ्रैक्चर,negative
1341,fragile,दुर्बल,negative
1342,fraud,फ्रॉड,negative
1343,freak,सनकी,negative
1344,freaking,अनूठे,negative
1345,freaks,सामने,negative
1346,freeze,फ्रीज,negative
1347,freezing,हिमांक,negative
1348,fried,तला,negative
1349,fright,भय,negative
1350,frighten,फ्राइटन,negative
1351,frost,तैयार,negative
1352,frozen,जमे,negative
1353,frustrating,निराशाजनक,negative
1354,frustration,भड़ास,negative
1355,fucking,जबर्दस्त,negative
1356,fume,धुएं,negative
1357,funky,फंकी,negative
1358,funny,मजेदार,negative
1359,furious,फ्यूरियस,negative
1360,fury,कहर,negative
1361,fuss,उपद्रव,negative
1362,futile,व्यर्थ,negative
1363,fuzzy,फजी,negative
1364,gangster,गैंगस्टर,negative
1365,garbage,कचरा,negative
1366,gasp,सांस,negative
1367,glare,चमक,negative
1368,glitches,ग्लिचिस,negative
1369,gloom,निराशा,negative
1370,gloomy,उदास,negative
1371,goof,मूर्ख,negative
1372,gossip,गपशप,negative
1373,grate,घिस,negative
1374,greed,लालच,negative
1375,greedy,लालची,negative
1376,grievance,शिकायत,negative
1377,grievances,शिकायतों,negative
1378,grind,पीसने,negative
1379,gross,सकल,negative
1380,grouse,ग्रोउस,negative
1381,grudge,शिकायत,negative
1382,grumpy,क्रोधी,negative
1383,guilty,दोषी,negative
1384,gutter,गटर,negative
1385,hack,हैक,negative
1386,hang,लटका,negative
1387,hangs,ने,negative
1388,harassment,उत्पीड़न,negative
1389,hard,मुश्किल,negative
1390,hardship,कठिनाई,negative
1391,harm,नुकसान,negative
1392,harmful,हानिकारक,negative
1393,harsh,कठोर,negative
1394,hassle,परेशानी,negative
1395,hassles,बाधा,negative
1396,hate,नफरत,negative
1397,hated,नफ़रत,negative
1398,haters,हैर्ट्स,negative
1399,hatred,घृणा,negative
1400,haunting,बार,negative
1401,havoc,कहर,negative
1402,hazard,जोखिम,negative
1403,hazardous,खतरनाक,negative
1404,haze,गान्जा,negative
1405,headache,सिर,negative
1406,heartless,हृदयहीन,negative
1407,heck,निकलो,negative
1408,hectic,व्यस्त,negative
1409,hedge,बचाव,negative
1410,hefty,पर,negative
1411,heinous,जघन्य,negative
1412,hell,नरक,negative
1413,hells,हीलें,negative
1414,heresy,हरसे,negative
1415,hinder,बनी,negative
1416,hogs,सूअर,negative
1417,hollow,खोखला,negative
1418,hopeless,निराशाजनक,negative
1419,hopelessly,निराशाजनक,negative
1420,hopelessness,निराशा,negative
1421,horde,होर्ड,negative
1422,horrible,भयानक,negative
1423,hostile,नकारात्मक,negative
1424,hostilities,लोग,negative
1425,hostility,दुश्मनी,negative
1426,hum,द,negative
1427,humid,नमी,negative
1428,hung,लटका,negative
1429,hurt,चोट,negative
1430,hurting,को,negative
1431,hurts,दर्द,negative
1432,hype,प्रचार,negative
1433,idiot,बेवकूफ,negative
1434,idiots,बेवकूफ,negative
1435,idle,निष्क्रिय,negative
1436,ignorance,अज्ञानता,negative
1437,ignorant,अज्ञानी,negative
1438,ignore,को,negative
1439,illegal,अवैध,negative
1440,illiterate,इन,negative
1441,illness,बीमारी,negative
1442,illusion,भ्रम,negative
1443,illusions,भ्रम,negative
1444,immoral,अग्निवर्ण,negative
1445,impatient,अधीर,negative
1446,impatiently,बेसब्री,negative
1447,impedance,प्रतिबाधा,negative
1448,impediment,रुकावट,negative
1449,impending,आनेवाली,negative
1450,imperfect,अपूर्ण,negative
1451,imperfectly,अपूर्ण,negative
1452,implication,प्रभाव,negative
1453,impose,लागू,negative
1454,impossible,असंभव,negative
1455,impractical,नेहरु,negative
1456,impulsive,ये,negative
1457,inaccuracies,गलतियों,negative
1458,inaccuracy,गलती,negative
1459,inaccurate,अनुचित,negative
1460,inactive,निष्क्रिय,negative
1461,inappropriate,अनुपयुक्त,negative
1462,inclement,खराब,negative
1463,incomplete,अपूर्ण,negative
1464,inconsistent,असंगत,negative
1465,inconvenience,असुविधा,negative
1466,incorrect,गलत,negative
1467,indignant,क्रोधित,negative
1468,indignation,क्रोध,negative
1469,indulge,खो,negative
1470,ineligible,अयोग्य,negative
1471,inequality,असमानता,negative
1472,inevitable,ज़रुरी,negative
1473,inexperienced,अनुभवहीन,negative
1474,infected,संक्रमित,negative
1475,infection,संक्रमण,negative
1476,infections,संक्रमण,negative
1477,infernal,नारकीय,negative
1478,inflammatory,ज्वलनशील,negative
1479,infringement,उल्लंघन,negative
1480,inhibition,अवरोधन,negative
1481,injurious,हानिकारक,negative
1482,injury,चोट,negative
1483,injustice,अन्याय,negative
1484,insane,पागल,negative
1485,insanity,सबब,negative
1486,insatiable,लालची,negative
1487,insecurity,असुरक्षा,negative
1488,insensitive,असंवेदनशील,negative
1489,insufficient,अपर्याप्त,negative
1490,insult,अपमान,negative
1491,insulting,अपमान,negative
1492,insurmountable,दूर,negative
1493,intense,प्रचण्ड,negative
1494,interfere,हस्तक्षेप,negative
1495,interference,दखल,negative
1496,intermittent,रुक,negative
1497,intolerable,असहनीय,negative
1498,intolerance,असहिष्णुता,negative
1499,intrusion,आतंकवादी,negative
1500,invader,इन्वेडर,negative
1501,invalid,अमान्य,negative
1502,invasive,आक्रामक,negative
1503,invisible,अदृश्य,negative
1504,irony,विडम्बना,negative
1505,irregular,टायर,negative
1506,irregularity,की,negative
1507,irritable,इर्रिटेबल,negative
1508,irritate,जलन,negative
1509,irritating,तकलीफदेह,negative
1510,irritation,जलन,negative
1511,irritations,जलन,negative
1512,isolate,अलग,negative
1513,isolated,एकांत,negative
1514,issue,मुद्दा,negative
1515,issues,मुद्दे,negative
1516,itch,खुजली,negative
1517,itching,खुजली,negative
1518,itchy,खुजली,negative
1519,jagged,दांतेदार,negative
1520,jam,जाम,negative
1521,jealous,जलन,negative
1522,jealousy,डाह,negative
1523,jeopardize,खतरे,negative
1524,jeopardy,खतरे,negative
1525,jerk,झटकें,negative
1526,jerky,जर्की,negative
1527,joke,मजाक,negative
1528,junk,जंक,negative
1529,kill,मारना,negative
1530,killed,मारा,negative
1531,killer,किलर,negative
1532,killing,मार,negative
1533,kills,मारता,negative
1534,knife,चाकू,negative
1535,knock,दस्तक,negative
1536,lack,कमी,negative
1537,lacking,कमी,negative
1538,lacks,का,negative
1539,lag,अंतराल,negative
1540,lags,पीछे,negative
1541,lame,कमजोर,negative
1542,lapse,चूक,negative
1543,lazy,आलसी,negative
1544,leak,रिसाव,negative
1545,leakage,लीकेज,negative
1546,leaking,लीक,negative
1547,leaks,लीक,negative
1548,lemon,नींबू,negative
1549,lengthy,लंबी,negative
1550,lethal,जानलेवा,negative
1551,lethargic,सुस्त,negative
1552,liability,दायित्व,negative
1553,liable,उत्तरदायी,negative
1554,liar,झूठे,negative
1555,liars,के,negative
1556,lie,झूठ,negative
1557,lied,झूठ,negative
1558,lier,बहुत,negative
1559,lies,झूठ,negative
1560,limit,सीमा,negative
1561,limitation,सीमा,negative
1562,limitations,सीमाओं,negative
1563,limited,सीमित,negative
1564,limits,सीमा,negative
1565,limp,लिम्प,negative
1566,loathe,नफरत,negative
1567,loathing,घृणा,negative
1568,lone,लोन,negative
1569,loneliness,तन्हाई,negative
1570,lonely,अकेला,negative
1571,loose,ढीला,negative
1572,loot,लूट,negative
1573,lose,खोना,negative
1574,loser,हारने,negative
1575,losers,फिसड्डियों,negative
1576,loses,हारी,negative
1577,losing,घटाना,negative
1578,loss,हानि,negative
1579,losses,हानियों,negative
1580,lost,खोया,negative
1581,loud,जोर,negative
1582,louder,की,negative
1583,lukewarm,गुनगुने,negative
1584,lure,प्रलोभन,negative
1585,lying,झूठ,negative
1586,mad,पागल,negative
1587,maddening,ही,negative
1588,madly,पागल,negative
1589,madman,मैडमैन,negative
1590,madness,पागलपन,negative
1591,malicious,खराब,negative
1592,malignant,घातक,negative
1593,mania,उन्माद,negative
1594,manipulate,हेरफेर,negative
1595,manipulation,हेरफेर,negative
1596,mar,मार,negative
1597,marginal,सीमांत,negative
1598,martyrdom,तौर,negative
1599,mashed,मैश,negative
1600,massacre,नरसंहार,negative
1601,matte,मैट,negative
1602,mediocre,अजीब,negative
1603,mess,गड़बड़,negative
1604,mindless,नासमझ,negative
1605,miscellaneous,विविध,negative
1606,mischief,शरारत,negative
1607,misconception,धारणा,negative
1608,misconceptions,गलतफहमी,negative
1609,miserable,चालाक,negative
1610,misery,दुख,negative
1611,misguided,गुमराह,negative
1612,mislead,गुमराह,negative
1613,misleading,भ्रामक,negative
1614,miss,याद,negative
1615,missed,याद,negative
1616,mist,धुंध,negative
1617,mistake,गलती,negative
1618,mistaken,गलत,negative
1619,mistakes,गलतियाँ,negative
1620,mistress,मालकिन,negative
1621,misunderstand,गलत,negative
1622,misunderstanding,गलतफहमी,negative
1623,misunderstood,गलत,negative
1624,misuse,दुरुपयोग,negative
1625,moan,विलाप,negative
1626,mock,नकली,negative
1627,mocked,का,negative
1628,molestation,दुष्कर्म,negative
1629,monster,राक्षस,negative
1630,moot,विवादास्पद,negative
1631,moron,मूर्ख,negative
1632,motionless,स्थिर,negative
1633,mourn,ने,negative
1634,muddy,गंदा,negative
1635,murder,हत्या,negative
1636,murderer,मार,negative
1637,musty,बासी,negative
1638,mystery,रहस्य,negative
1639,myth,मिथक,negative
1640,nagging,परेशान,negative
1641,naive,भोले,negative
1642,narrower,क्या,negative
1643,nasty,गंदी,negative
1644,naughty,शरारती,negative
1645,needlessly,बेवजह,negative
1646,needy,जरूरतमंद,negative
1647,negative,नकारात्मक,negative
1648,negligence,लापरवाही,negative
1649,nervous,तंत्रिका,negative
1650,nightmare,बुरे,negative
1651,noise,शोर,negative
1652,noisy,शोर,negative
1653,nonsense,बकवास,negative
1654,nuisance,बनी,negative
1655,numb,सुन्न,negative
1656,obese,मोटे,negative
1657,object,वस्तु,negative
1658,objection,आपत्ति,negative
1659,objectionable,आपत्तिजनक,negative
1660,objections,आपत्ति,negative
1661,obscene,अश्लील,negative
1662,obsessive,ज़ुनूनी,negative
1663,obstructing,बाधा,negative
1664,odd,विषम,negative
1665,oddity,विषमता,negative
1666,odor,गंध,negative
1667,offence,अपराध,negative
1668,offender,अपराधी,negative
1669,offensive,अपमानजनक,negative
1670,omission,चूक,negative
1671,opponent,प्रतिद्वंद्वी,negative
1672,opposition,मुखर,negative
1673,oppression,उत्पीड़न,negative
1674,outsider,यह,negative
1675,overdue,काफी,negative
1676,overloaded,ओवरलोडेड,negative
1677,overpriced,अत्यधिक,negative
1678,overrated,अहंकारी,negative
1679,oversight,पर्यवेक्षण,negative
1680,overwhelming,भारी,negative
1681,pain,दर्द,negative
1682,painful,दर्दनाक,negative
1683,pains,पीड़ा,negative
1684,pale,पीली,negative
1685,pan,पैन,negative
1686,panic,आकस्मिक,negative
1687,paranoid,पागल,negative
1688,parody,पैरोडी,negative
1689,passe,पुराने,negative
1690,passive,परोक्ष,negative
1691,pathetic,दयनीय,negative
1692,paucity,कमी,negative
1693,payback,ऋण,negative
1694,penalty,दंड,negative
1695,peril,पेरिल,negative
1696,pessimistic,निराशावादी,negative
1697,pest,कीट,negative
1698,petrified,सख्त,negative
1699,petty,खुदरा,negative
1700,pig,सुअर,negative
1701,pigs,सूअर,negative
1702,pinch,चुटकी,negative
1703,pity,बेचारा,negative
1704,plague,प्लेग,negative
1705,plea,याचिकाओं,negative
1706,pleas,कृपया,negative
1707,plight,आंसू,negative
1708,plot,प्लॉट,negative
1709,ploy,पॉली,negative
1710,poison,विष,negative
1711,poisonous,जहरीली,negative
1712,pollute,मैली,negative
1713,polution,प्रदूषण,negative
1714,poor,गरीब,negative
1715,poorly,खराब,negative
1716,poverty,गरीबी,negative
1717,predatory,दरिंदगी,negative
1718,prejudice,पूर्वाग्रह,negative
1719,pretend,का,negative
1720,prick,चुभाया,negative
1721,primitive,प्राथमिक,negative
1722,prison,जेल,negative
1723,prisoner,कैदी,negative
1724,problem,समस्या,negative
1725,problems,समस्याएं,negative
1726,profanity,गाली,negative
1727,prohibitively,बेहद,negative
1728,proprietary,मालिकाना,negative
1729,protest,पानी,negative
1730,protesting,विरोध,negative
1731,protests,सरकार,negative
1732,punch,पंच,negative
1733,punish,दंडित,negative
1734,punishable,दंडनीय,negative
1735,punitive,दंडात्मक,negative
1736,punk,पंक,negative
1737,puppet,कठपुतली,negative
1738,puzzled,हैरान,negative
1739,queer,क्वीयर,negative
1740,rabid,पागल,negative
1741,racism,कि,negative
1742,racist,जातिवाद,negative
1743,radical,मूलक,negative
1744,rage,क्रोध,negative
1745,raging,लगाना,negative
1746,rail,रेल,negative
1747,rampage,की,negative
1748,randomly,अचानक,negative
1749,rape,रेप,negative
1750,raped,आबरू,negative
1751,rash,रेश,negative
1752,recession,मंदी,negative
1753,reckless,लापरवाह,negative
1754,recoil,वापसी,negative
1755,redundancy,अतिरिक्तता,negative
1756,redundant,निरर्थक,negative
1757,refusal,से,negative
1758,refuse,मना,negative
1759,refused,मना,negative
1760,refusing,मना,negative
1761,regression,प्रतिगमन,negative
1762,regret,अफसोस,negative
1763,regrets,पछतावे,negative
1764,reject,रिजेक्ट,negative
1765,rejected,रिजेक्ट,negative
1766,rejection,अस्वीकृति,negative
1767,rejects,ने,negative
1768,relentless,इरादा,negative
1769,remorse,पछतावा,negative
1770,repetitive,दोहराए,negative
1771,repulsive,प्रतिकारक,negative
1772,resent,गुस्सा,negative
1773,resignation,इस्तीफा,negative
1774,resigned,त्याग,negative
1775,resistance,प्रतिरोध,negative
1776,restless,बेचैन,negative
1777,restlessness,बैचेनी,negative
1778,restricted,प्रतिबंधित,negative
1779,retard,मंदबुद्धि,negative
1780,retarded,मंदबुद्धि,negative
1781,retreat,पीछे,negative
1782,revenge,प्रतिशोध,negative
1783,rhetorical,वाकपटुता,negative
1784,rift,दरार,negative
1785,rigid,सख्त,negative
1786,rip,आरआईपी,negative
1787,ripoff,रिपोफ,negative
1788,ripped,रिप्पड़,negative
1789,risk,जोखिम,negative
1790,risks,जोखिम,negative
1791,rival,प्रतिद्वंद्वी,negative
1792,rocky,रॉकी,negative
1793,rogue,दुष्ट,negative
1794,rotten,सड़ा,negative
1795,rough,रफ,negative
1796,rubbish,बकवास,negative
1797,rude,अशिष्ट,negative
1798,rue,रुए,negative
1799,ruin,बर्बाद,negative
1800,ruined,का,negative
1801,ruining,को,negative
1802,ruins,खंडहर,negative
1803,rumor,अफ़वाह,negative
1804,rumors,अफवाहों,negative
1805,rumours,अफवाहें,negative
1806,runaway,भगोड़ा,negative
1807,rust,जंग,negative
1808,ruthless,ग़लती,negative
1809,sack,बोरी,negative
1810,sad,दुख,negative
1811,sadden,उदास,negative
1812,sadness,बदली,negative
1813,sagging,ढीली,negative
1814,sap,एसएपी,negative
1815,sarcastic,व्यंग्यात्मक,negative
1816,satirical,अपनी,negative
1817,scam,घोटाला,negative
1818,scams,धांधली,negative
1819,scandal,घोटाले,negative
1820,scandalous,सनसनीखेज,negative
1821,scar,वह,negative
1822,scare,डर,negative
1823,scared,डर,negative
1824,scary,डरावना,negative
1825,sceptical,संशयी,negative
1826,scorching,भीषण,negative
1827,scrambled,तले,negative
1828,scrap,रद्दी,negative
1829,scratch,खरोंच,negative
1830,scratched,खरोच,negative
1831,scratches,खरोंच,negative
1832,scream,चीखता,negative
1833,selfish,स्वार्थी,negative
1834,senseless,बेदह,negative
1835,severe,गंभीर,negative
1836,severity,गंभीरता,negative
1837,shabby,इतना,negative
1838,shady,संदेहात्मक,negative
1839,shake,शेक,negative
1840,shallow,उथला,negative
1841,sham,शैम,negative
1842,shame,शर्म,negative
1843,shameful,शर्मनाक,negative
1844,shameless,बेशर्म,negative
1845,shark,शार्क,negative
1846,shiver,का,negative
1847,shock,झटका,negative
1848,shocked,सदमे,negative
1849,shocking,दहला,negative
1850,short-lived,घुसपैठ,negative
1851,shortage,की,negative
1852,shortness,तकलीफ,negative
1853,shun,भी,negative
1854,sick,बीमार,negative
1855,sickness,सिकनेस,negative
1856,siege,अवरोध,negative
1857,silly,मूर्ख,negative
1858,sin,पाप,negative
1859,sink,सिंक,negative
1860,sinking,ऋण,negative
1861,skeletons,नर,negative
1862,skeptical,उलझन,negative
1863,skinny,दुबला,negative
1864,slack,मंदी,negative
1865,slander,बदनाम,negative
1866,slap,थप्पड़,negative
1867,slaughter,प्रचारित,negative
1868,slave,गुलाम,negative
1869,slaves,दासों,negative
1870,slime,टोडस,negative
1871,slow,धीमा,negative
1872,slower,धीमी,negative
1873,slowly,धीरे,negative
1874,slump,मज़बूती,negative
1875,slur,कलंक,negative
1876,sly,स्लाइ,negative
1877,smack,स्मैक,negative
1878,smash,स्मैश,negative
1879,smear,स्मीयर,negative
1880,smell,गंध,negative
1881,smoke,धूम्रपान,negative
1882,snare,छवि,negative
1883,sneak,चुपके,negative
1884,sneaky,डर,negative
1885,soapy,साबुनदार,negative
1886,sober,सोबर,negative
1887,sore,दुखती,negative
1888,sorrow,गम,negative
1889,sorrowful,दुखद,negative
1890,sorry,माफ़,negative
1891,sour,खट्टी,negative
1892,spank,शिकस्त,negative
1893,spews,उगलती,negative
1894,spilling,रिसाव,negative
1895,split,बंटी,negative
1896,spoiled,खराब,negative
1897,spoils,लूट,negative
1898,sporadic,छिटपुट,negative
1899,spurious,झूठा,negative
1900,squash,स्क्वैश,negative
1901,stab,वार,negative
1902,stain,दाग,negative
1903,stall,स्टाल,negative
1904,static,स्थैतिक,negative
1905,steal,कम,negative
1906,stealing,की,negative
1907,steep,खड़ी,negative
1908,stench,बदबू,negative
1909,stereotype,रूढ़िवादी,negative
1910,stereotypical,हो,negative
1911,stern,स्टर्न,negative
1912,stew,का,negative
1913,sticky,चिपचिपा,negative
1914,stiff,कठोर,negative
1915,sting,वाला,negative
1916,stink,बदबूदार,negative
1917,stole,चुरा,negative
1918,stolen,चोरी,negative
1919,stormy,तूफानी,negative
1920,strain,विकृति,negative
1921,strange,अजीब,negative
1922,stranger,अजनबी,negative
1923,strangle,गला,negative
1924,strenuous,श्रमसाध्य,negative
1925,stress,तनाव,negative
1926,strict,सख्त,negative
1927,strictly,कठोरता,negative
1928,strife,का,negative
1929,strike,हड़ताल,negative
1930,stringent,कड़े,negative
1931,struck,मारा,negative
1932,struggle,संघर्ष,negative
1933,struggled,संघर्ष,negative
1934,struggles,संघर्ष,negative
1935,struggling,संघर्ष,negative
1936,stubborn,जिद्दी,negative
1937,stuck,फंस,negative
1938,stuffy,भरी,negative
1939,stumble,टकराओ,negative
1940,stumped,अटक,negative
1941,stun,को,negative
1942,stunt,स्टंट,negative
1943,stupid,बेवकूफ,negative
1944,stupidity,मूर्खता,negative
1945,subdued,की,negative
1946,succumb,सामने,negative
1947,suck,चुसाई,negative
1948,sucked,लगभग,negative
1949,sucks,बेकार,negative
1950,sue,मुकदमा,negative
1951,suffer,पीड़ित,negative
1952,suffered,सही,negative
1953,suffering,बेहाल,negative
1954,suffers,भुगतता,negative
1955,suicide,की,negative
1956,sunk,दर्रे,negative
1957,suppression,को,negative
1958,surrender,आत्मसमर्पण,negative
1959,suspicion,अविश्वास,negative
1960,suspicious,संदिग्ध,negative
1961,swelling,सूजन,negative
1962,swipe,स्वाइप,negative
1963,swollen,सूजे,negative
1964,symptom,लक्षण,negative
1965,symptoms,लक्षण,negative
1966,syndrome,सिंड्रोम,negative
1967,tank,टैंक,negative
1968,tanks,टैंकों,negative
1969,tease,चिढ़ाओ,negative
1970,temper,गुस्सा,negative
1971,temptation,प्रलोभन,negative
1972,tenderness,मृदुता,negative
1973,tense,काल,negative
1974,tension,तनाव,negative
1975,terrible,भयानक,negative
1976,terror,आतंक,negative
1977,terrorism,आतंकवाद,negative
1978,thicker,मोटे,negative
1979,thirst,प्यास,negative
1980,threat,खतरा,negative
1981,threaten,धमकी,negative
1982,threatening,धमकानेवाला,negative
1983,threats,खतरों,negative
1984,threesome,त्रिगुट,negative
1985,throttle,थ्रॉटल,negative
1986,tired,थक,negative
1987,tiring,थका,negative
1988,toll,टोल,negative
1989,tormented,उन्हें,negative
1990,torrent,टोरेंट,negative
1991,torture,टार्चर,negative
1992,toughness,कठोरता,negative
1993,toxic,विषाक्त,negative
1994,tragic,दुखद,negative
1995,trap,जाल,negative
1996,trapped,फंस,negative
1997,trash,कचरा,negative
1998,traumatic,तंत्रीय,negative
1999,trick,उलझाए,negative
2000,tricky,खरीदना,negative
2001,trivial,खराब,negative
2002,trouble,मुसीबत,negative
2003,troubled,तंग,negative
2004,troubles,परेशानी,negative
2005,tumble,मशीन,negative
2006,tumbled,लो,negative
2007,turmoil,हंगामा,negative
2008,twist,मोड़,negative
2009,twisted,ट्विस्टेड,negative
2010,two-faced,दोहरा,negative
2011,tyranny,अत्याचार,negative
2012,ugh,ऊ,negative
2013,ugliest,बदसूरत,negative
2014,ugly,बदसूरत,negative
2015,ultimatum,अल्टीमेटम,negative
2016,unable,में,negative
2017,unavailable,अनुपलब्ध,negative
2018,unbelievable,अविश्वसनीय,negative
2019,uncomfortable,असहज,negative
2020,uncontrolled,अनियंत्रित,negative
2021,undecided,अनिश्चित,negative
2022,undefined,अपरिभाषित,negative
2023,underestimate,कम,negative
2024,undone,पूर्ववत,negative
2025,unethical,के,negative
2026,unexpected,अप्रत्याशित,negative
2027,unfavorable,प्रतिकूल,negative
2028,unforeseen,अप्रत्याशित,negative
2029,unfortunate,असहाय,negative
2030,unfortunately,दुर्भाग्य,negative
2031,unfounded,निराधार,negative
2032,unfriendly,प्रतिकूल,negative
2033,unhappy,नाखुश,negative
2034,unhealthy,अस्वास्थ्यकर,negative
2035,unknown,अज्ञात,negative
2036,unleash,से,negative
2037,unlicensed,लाइसेंसरहित,negative
2038,unlikely,संभावना,negative
2039,unlucky,अभागिन,negative
2040,unnecessary,अनावश्यक,negative
2041,unnoticed,छुप,negative
2042,unorthodox,अनआर्थोडॉक्स,negative
2043,unpleasant,अप्रिय,negative
2044,unpredictable,अप्रत्याशित,negative
2045,unreasonable,अकारण,negative
2046,unresolved,अनसुलझे,negative
2047,unrest,अशांति,negative
2048,unskilled,अकुशल,negative
2049,unstable,अस्थिर,negative
2050,unsuccessful,नाकामयाब,negative
2051,unsure,अनिश्चित,negative
2052,untimely,असामयिक,negative
2053,unusual,असामान्य,negative
2054,unusually,असाधारण,negative
2055,unwanted,गलती,negative
2056,unwell,बीमार,negative
2057,uprising,उठ,negative
2058,uproar,मचा,negative
2059,upset,परेशान,negative
2060,urgent,जरूरी,negative
2061,useless,आश्चर्यजनक,negative
2062,vain,व्यर्थ,negative
2063,vengeance,प्रतिशोध,negative
2064,vent,निकास,negative
2065,vibrating,हिल,negative
2066,vibration,स्पंदन,negative
2067,vice,वाइस,negative
2068,vicious,दुष्ट,negative
2069,violate,का,negative
2070,violation,उल्लंघन,negative
2071,violent,हिंसा,negative
2072,viper,वाइपर,negative
2073,virus,वायरस,negative
2074,volatile,वाष्पशील,negative
2075,volatility,अस्थिरता,negative
2076,vomiting,उल्टी,negative
2077,vulgar,अश्लील,negative
2078,warned,चेतावनी,negative
2079,warning,चेतावनी,negative
2080,warp,वार्प,negative
2081,waste,अपशिष्ट,negative
2082,wasted,निरर्थक,negative
2083,wasting,बर्बाद,negative
2084,weak,कमजोर,negative
2085,weakness,कमजोरी,negative
2086,weaknesses,कमजोरियां,negative
2087,wedge,वेज,negative
2088,weed,खरपतवार,negative
2089,weep,रोता,negative
2090,weird,अजीब,negative
2091,whimper,कारण,negative
2092,wicked,दुष्ट,negative
2093,wild,जंगली,negative
2094,woe,शर्म,negative
2095,worn,पहना,negative
2096,worried,चिंतित,negative
2097,worries,चिंता,negative
2098,worry,चिंता,negative
2099,worrying,चिंता,negative
2100,worse,बदतर,negative
2101,worst,सबसे,negative
2102,worthless,बेकार,negative
2103,wound,घाव,negative
2104,wounds,घाव,negative
2105,wrath,प्रकोप,negative
2106,wreck,रैल्फ,negative
2107,wrinkle,शिकन,negative
2108,wrinkles,झुर्रियों,negative
2109,wrong,गलत,negative
2110,wrongly,गलत,negative
2111,zap,ज़ैप,negative
2112,zombie,ज़ोंबी,negative
2113,even,यहां,positive
2114,pro,प्रो,positive
2115,either,या,positive
2116,much,ज्यादा,positive
2117,although,हालांकि,negative
2118,place,जगह,negative
2119,one,एक,negative
2120,tasty,स्वादिष्ट,positive
2121,makes,सबके,positive
2122,sized,हल्का,positive
