,eng,lexicon,hindi
4,abundant,positive,हुस्न
6,accessible,positive,सुलभ
14,accomplish,positive,पूरा
15,accomplished,positive,पूरा
16,accomplishment,positive,उपलब्धि
17,accomplishments,positive,उपलब्धियों
18,accurate,positive,सटीक
19,accurately,positive,यथासंभव
21,achievement,positive,उपलब्धि
22,achievements,positive,उपलब्धियाँ
24,acumen,positive,कौशल
28,adjustable,positive,समायोजनीय
29,admirable,positive,प्रशंसनीय
32,admire,positive,प्रशंसा
33,admirer,positive,प्रशंसक
36,adorable,positive,प्यारे
37,adore,positive,प्यार
47,advanced,positive,उन्नत
48,advantage,positive,लाभ
51,advantages,positive,लाभ
56,advocates,positive,हिन्दुत्व
61,affection,positive,स्नेह
63,affinity,positive,संबंध
66,affirmative,positive,सकारात्मक
69,afford,positive,बर्दाश्त
70,affordable,positive,किफायती
73,agile,positive,एजाइल
75,agility,positive,की
80,alluring,positive,सम्मोहक
84,amaze,positive,आश्चर्यचकित
85,amazed,positive,हैरान
88,amazing,positive,अद्भुत
89,amazingly,positive,आश्चर्यजनक
90,ambitious,positive,महत्वाकांक्षी
102,ample,positive,पर्याप्त
107,angel,positive,परी
108,angelic,positive,ऐंजेलिक
110,appeal,positive,अपील
111,appealing,positive,ऐसे
114,appreciate,positive,की
115,appreciated,positive,सराहना
119,appropriate,positive,उपयुक्त
120,approval,positive,अनुमोदन
121,approve,positive,अनुमोदन
128,aspire,positive,अस्पायर
129,assurance,positive,आश्वासन
130,assurances,positive,आश्वासन
133,assuring,positive,सुनिश्चित
135,astonished,positive,बडा
136,astonishing,positive,चौंकाने
141,astounding,positive,आश्चर्यजनक
144,attentive,positive,सचेत
145,attraction,positive,आकर्षण
146,attractive,positive,आकर्षक
147,attractively,positive,आकर्षक
151,auspicious,positive,बनाते
152,authentic,positive,प्रामाणिक
154,autonomous,positive,खुला
155,available,positive,उपलब्ध
159,award,positive,पुरस्कार
160,awarded,positive,से
161,awards,positive,पुरस्कार
162,awe,positive,कर
164,awesome,positive,बेहतरीन
168,awsome,positive,कमाल
169,backbone,positive,मेरुदंड
170,balanced,positive,संतुलित
171,bargain,positive,सौदा
173,beautiful,positive,सुंदर
175,beautifully,positive,खूबसूरती
176,beautify,positive,शोभा
177,beauty,positive,सौंदर्य
184,beloved,positive,प्रिय
187,beneficial,positive,फायदेमंद
189,beneficiary,positive,लाभार्थी
190,benefit,positive,लाभ
191,benefits,positive,लाभ
195,best,positive,सर्वश्रेष्ठ
199,better,positive,बेहतर
204,bless,positive,आशीर्वाद
205,blessing,positive,आशीर्वाद
206,bliss,positive,आनंद
212,blossom,positive,खिलना
213,bolster,positive,ग्लोबस
215,bonus,positive,बोनस
216,bonuses,positive,बोनस
217,boom,positive,बूम
218,booming,positive,रहा
219,boost,positive,को
223,brainy,positive,जानिए
225,brave,positive,बहादुर
227,bravo,positive,ब्रावो
231,breathtaking,positive,लुभावनी
233,breeze,positive,मंद
234,bright,positive,चमकीले
235,brighten,positive,चमकाने
238,brilliance,positive,ब्रिलिएंस
240,brilliant,positive,चमकदार
242,brisk,positive,तेज़ी
243,brotherly,positive,भाई
247,calm,positive,शांति
250,capability,positive,क्षमता
251,capable,positive,योग्य
254,captivating,positive,मनोरम
255,carefree,positive,तनावमुक्त
259,celebrate,positive,का
260,celebrated,positive,मनाया
261,celebration,positive,जश्न
263,champ,positive,विजेता
264,champion,positive,चैंपियन
265,charisma,positive,आकर्षण
266,charismatic,positive,करिश्माई
267,charitable,positive,धर्मार्थ
268,charm,positive,आकर्षण
269,charming,positive,आकर्षक
272,cheaper,positive,सस्ता
273,cheapest,positive,सस्ता
274,cheer,positive,खुश
275,cheerful,positive,खूबसूरत
280,chic,positive,फैशनेबल
285,clarity,positive,स्पष्टता
286,classic,positive,क्लासिक
287,classy,positive,सर्वोत्कृष्ट
288,clean,positive,साफ
289,cleaner,positive,क्लीनर
291,cleanliness,positive,स्वच्छता
293,clear,positive,स्पष्ट
295,cleared,positive,मिट
297,clearly,positive,स्पष्ट
299,clever,positive,चालाक
305,colorful,positive,रंगीन
307,comfort,positive,आराम
308,comfortable,positive,आरामदायक
309,comfortably,positive,आराम
311,comfy,positive,आरामदायक
315,commitment,positive,वचनबद्धता
317,compact,positive,कॉम्पैक्ट
319,compassion,positive,करुणा
320,compassionate,positive,दयावान
321,compatible,positive,अनुकूल
322,competitive,positive,प्रतिस्पर्धी
323,complement,positive,पूरक
324,complementary,positive,पूरक
326,complements,positive,पूरक
327,compliant,positive,अनुरूप
328,compliment,positive,प्रशंसा
329,complimentary,positive,निशुल्क
330,comprehensive,positive,व्यापक
333,concise,positive,संक्षिप्त
334,confidence,positive,आत्मविश्वास
338,congratulation,positive,बधाई
339,congratulations,positive,बधाई
343,consistent,positive,संगत
344,consistently,positive,लगातार
345,constructive,positive,रचनात्मक
348,continuity,positive,कंटीन्यूटी
350,contribution,positive,योगदान
351,convenience,positive,सुविधा
352,convenient,positive,सुविधाजनक
357,convincing,positive,ठोस
359,cool,positive,कूल
360,coolest,positive,ठंडा
361,cooperative,positive,अधिक
363,cornerstone,positive,आधारशिला
364,correct,positive,सही
365,correctly,positive,सही
370,courage,positive,साहस
371,courageous,positive,साहसी
374,courteous,positive,विनम्र
376,covenant,positive,प्रण
377,cozy,positive,आरामदायक
378,creative,positive,रचनात्मक
380,credible,positive,प्रामाणिक
381,crisp,positive,कड़क
383,cure,positive,इलाज
386,cute,positive,प्यारा
390,daring,positive,साहसी
392,darling,positive,डार्लिंग
395,dawn,positive,सूर्योदय
396,dazzle,positive,चमक
398,dazzling,positive,चमकदार
402,decent,positive,सभ्य
403,decisive,positive,निर्णायक
405,dedicated,positive,समर्पित
406,defeat,positive,सबसे
407,defeated,positive,जानवर
408,defeating,positive,को
416,delicate,positive,कोमलता
417,delicious,positive,स्वादिष्ट
418,delight,positive,डिलाईट
423,dependable,positive,विश्वसनीय
427,desirable,positive,वांछनीय
428,desiring,positive,की
430,destiny,positive,भाग्य
438,dignity,positive,इज्जत
446,distinguished,positive,प्रतिष्ठित
448,divine,positive,डीवाइन
451,dominated,positive,छाई
460,durable,positive,टिकाऊ
461,dynamic,positive,गतिशील
462,eager,positive,उत्सुक
463,eagerly,positive,बेसब्री
468,ease,positive,सरलता
471,easier,positive,इतना
472,easiest,positive,सबसे
474,easing,positive,बैंक
475,easy,positive,आसान
482,economical,positive,किफायती
488,educated,positive,शिक्षित
489,effective,positive,प्रभावी
490,effectively,positive,से
491,effectiveness,positive,प्रभावशीलता
494,efficient,positive,कुशल
495,efficiently,positive,इनके
498,effusion,positive,बहाव
502,elan,positive,जोश
508,elegance,positive,भव्यता
509,elegant,positive,सुंदर
511,elevate,positive,भा
512,elite,positive,इलीट
518,eminent,positive,प्रख्यात
521,empower,positive,को
522,empowerment,positive,अधिकारिता
525,enchanting,positive,करामाती
527,encourage,positive,प्रोत्साहित
528,encouragement,positive,प्रोत्साहित
529,encouraging,positive,उत्साहजनक
533,endorse,positive,समर्थन
534,endorsed,positive,समर्थित
535,endorsement,positive,परांकन
542,engaging,positive,आकर्षक
544,enhance,positive,को
545,enhanced,positive,संवर्धित
546,enhancement,positive,वृद्धि
547,enhances,positive,रंग
548,enjoy,positive,का
549,enjoyable,positive,आनंददायक
551,enjoyed,positive,मज़ा
552,enjoying,positive,का
553,enjoyment,positive,गुल
556,enlightenment,positive,आत्मज्ञान
559,enough,positive,पर्याप्त
563,enrich,positive,वाले
566,entertain,positive,मनोरंजन
567,entertaining,positive,मनोरंजक
574,enthusiast,positive,उत्साही
575,enthusiastic,positive,उत्साही
577,entice,positive,प्रलोभन
579,enticing,positive,की
586,envious,positive,सम्मोहक
589,envy,positive,ईर्ष्या
594,ethical,positive,नैतिक
602,everlasting,positive,सदाबहार
613,exceed,positive,पार
614,exceeded,positive,पार
615,exceeding,positive,से
617,exceeds,positive,से
618,excel,positive,एक्सेल
623,excellence,positive,श्रेष्ठता
625,excellent,positive,उत्कृष्ट
626,excellently,positive,विशेष
628,exceptional,positive,असाधारण
629,exceptionally,positive,विशि‍ष्ट
631,excited,positive,उत्तेजित
634,excitement,positive,रोमांच
636,exciting,positive,रोमांचक
649,exquisite,positive,उत्कृष्ट
654,extraordinary,positive,असाधारण
663,eye-catching,positive,मनमोहक
666,fabulous,positive,शानदार
669,fair,positive,मेला
670,fairly,positive,काफी
671,fairness,positive,निष्पक्षता
672,faith,positive,विश्वास
673,faithful,positive,वफादार
674,faithfully,positive,विश्वासपात्र
676,fame,positive,फेम
678,famous,positive,प्रसिद्ध
680,fancier,positive,अधिक
682,fancy,positive,फैंसी
684,fans,positive,प्रशंसकों
685,fantastic,positive,शानदार
687,fascinate,positive,मोहित
688,fascinating,positive,दिलचस्प
691,fashionable,positive,फैशनेबल
693,fast,positive,तेज
696,faster,positive,तेज
697,fastest,positive,तेज
700,fav,positive,मनपसंद
701,fave,positive,पक्ष
702,favor,positive,अहसान
703,favorable,positive,अनुकूल
705,favorite,positive,पसंदीदा
707,favour,positive,पक्ष
708,fearless,positive,दंबगों
712,feat,positive,फीट
715,feisty,positive,साहसी
719,fertile,positive,फ़र्टाइल
725,festive,positive,जलवा
726,fidelity,positive,निष्ठा
727,fiery,positive,तेजस्वी
728,fine,positive,ठीक
730,finely,positive,से
731,finer,positive,बेहतर
732,finest,positive,बेहतरीन
739,flattering,positive,प्रशंसनीय
741,flawless,positive,फ्लॉलेस
743,flexibility,positive,लचीलेपन
744,flexible,positive,लचीला
747,fluent,positive,निपुण
748,flutter,positive,स्पंदन
749,fond,positive,शौकीन
753,foremost,positive,महत्वपूर्ण
759,fortunate,positive,भाग्यशाली
760,fortunately,positive,सौभाग्य
761,fortune,positive,भाग्य
763,free,positive,नि
765,freedom,positive,स्वतंत्रता
767,fresh,positive,ताजा
771,friendly,positive,अनुकूल
776,fulfillment,positive,पूर्ति
777,fun,positive,मजेदार
779,futuristic,positive,भविष्यउन्मुखी
782,gain,positive,बढ़ना
783,gained,positive,कर
787,gains,positive,मजबूत
790,galore,positive,प्रचुर
793,gem,positive,रत्न
794,gems,positive,रत्न
796,generous,positive,उदार
799,genius,positive,प्रतिभा
800,gentle,positive,जेंटल
802,genuine,positive,असली
803,gifted,positive,प्रतिभाशाली
804,glad,positive,खुशी
808,glamorous,positive,आपके
816,glitter,positive,चमकीली
817,glitz,positive,तड़क
818,glorify,positive,को
821,glory,positive,ग्लोरी
822,glow,positive,चमक
823,glowing,positive,चमकना
828,godsend,positive,का
829,gold,positive,सोना
830,golden,positive,गोल्डन
831,good,positive,अच्छा
833,goodness,positive,अच्छाई
837,gorgeous,positive,खूबसूरत
839,grace,positive,ग्रेस
840,graceful,positive,गरीमामय
842,gracious,positive,विनीत
845,grand,positive,ग्रैंड
847,grateful,positive,आभारी
853,gratifying,positive,संतुष्टिदायक
855,gratitude,positive,नम
856,great,positive,महान
857,greatest,positive,महान
858,greatness,positive,महानता
859,grin,positive,मुसकुराहट
860,groundbreaking,positive,अभूतपूर्व
861,guarantee,positive,गारंटी
862,guidance,positive,मार्गदर्शन
866,gusto,positive,जोश
868,hail,positive,जय
871,hallmark,positive,प्रमाण
877,handsome,positive,सुंदर
879,handy,positive,सुलभ
880,happier,positive,खुश
881,happily,positive,खुशी
882,happiness,positive,खुशी
883,happy,positive,खुश
886,hardy,positive,पीछे
887,harmless,positive,हानिरहित
891,harmony,positive,मेल
893,heal,positive,चंगा
895,healthy,positive,स्वस्थ
900,heartwarming,positive,दिली
901,heaven,positive,स्वर्ग
902,heavenly,positive,अलौकिक
903,helped,positive,कुछ
904,helpful,positive,सहायक
905,helping,positive,मदद
906,hero,positive,हीरो
909,heroine,positive,हीरोइन
914,hilarious,positive,प्रफुल्लित
915,holy,positive,पवित्र
916,homage,positive,जलसा
917,honest,positive,ईमानदार
918,honesty,positive,ईमानदारी
919,honor,positive,सम्मान
920,honorable,positive,सम्मानित
921,honored,positive,सम्मानित
923,hooray,positive,हुर्रे
924,hopeful,positive,अच्छा
926,hot,positive,गर्म
929,hottest,positive,हॉटैस्ट
930,hug,positive,आलिंगन
931,humane,positive,मानव
932,humble,positive,विनम्र
934,humor,positive,हास्य
939,ideal,positive,आदर्श
941,ideally,positive,आदर्श
942,idol,positive,आइडल
953,imaginative,positive,इमेजनेटिव
954,immaculate,positive,त्रुटिहीन
956,immense,positive,विशाल
963,important,positive,महत्वपूर्ण
964,impress,positive,प्रभावित
965,impressed,positive,प्रभावित
967,impressive,positive,प्रभावशील
970,improve,positive,में
971,improved,positive,सुधार
972,improvement,positive,सुधार
973,improvements,positive,सुधार
974,improves,positive,शारीरिक
976,incredible,positive,अविश्वसनीय
977,incredibly,positive,अविश्वसनीय
985,inexpensive,positive,सस्ती
987,infallible,positive,अचूक
989,influential,positive,प्रभावशाली
996,innovation,positive,नवाचार
997,innovative,positive,नवीन
999,insightful,positive,पुरे
1001,inspiration,positive,प्रेरणा
1002,inspirational,positive,प्रेरणादायक
1003,inspire,positive,प्रेरित
1004,inspiring,positive,प्रेरक
1005,instantly,positive,तुरन्त
1008,integral,positive,एकीकृत
1009,integrated,positive,एकीकृत
1010,intelligence,positive,बुद्धि
1011,intelligent,positive,बुद्धिमान
1013,interesting,positive,दिलचस्प
1014,interests,positive,हितों
1015,intimacy,positive,अंतरंगता
1016,intimate,positive,इंटीमेट
1017,intricate,positive,बारीक
1019,intriguing,positive,पेचीदा
1021,intuitive,positive,मज़ेदार
1028,invincible,positive,अजेय
1034,irresistible,positive,प्रबल
1040,jolly,positive,जॉली
1042,joy,positive,आनन्द
1054,keen,positive,उतावला
1059,kindly,positive,कृपया
1060,kindness,positive,दया
1061,knowledgeable,positive,ज्ञान
1062,kudos,positive,तारीफ
1070,lawful,positive,विधिमान्य
1072,lead,positive,नेतृत्व
1073,leading,positive,प्रमुख
1074,leads,positive,आगे
1075,lean,positive,दुबला
1076,led,positive,श्रेष्ठ
1077,legendary,positive,पौराणिक
1078,leverage,positive,लाभ
1080,liberate,positive,पाप
1082,liberty,positive,लिबर्टी
1085,lighter,positive,हल्का
1087,like,positive,की
1088,liked,positive,पसंद
1089,likes,positive,पसंद
1090,liking,positive,पसंद
1092,lively,positive,जीवंत
1093,logical,positive,तार्किक
1097,love,positive,प्यार
1098,loved,positive,प्यार
1100,lovely,positive,प्यारा
1101,lover,positive,प्रेमी
1102,loves,positive,प्यार
1103,loving,positive,प्यार
1109,loyal,positive,वफादार
1110,loyalty,positive,वफादारी
1111,lucid,positive,स्पष्ट
1113,luck,positive,भाग्य
1117,lucky,positive,भाग्यशाली
1119,luminous,positive,चमकदार
1120,lush,positive,रसीला
1121,luster,positive,आभा
1127,luxury,positive,लग्ज़री
1129,magic,positive,जादू
1130,magical,positive,जादुई
1134,magnificent,positive,शानदार
1136,majestic,positive,आलीशान
1140,marvel,positive,अचंभा
1143,marvellous,positive,अद्भुत
1144,marvelous,positive,लजीज
1148,master,positive,मास्टर
1151,masterpiece,positive,मास्टरपीस
1153,masters,positive,स्वामी
1156,mature,positive,परिपक्व
1158,maturity,positive,परिपक्वता
1160,memorable,positive,यादगार
1161,merciful,positive,दयालु
1163,mercy,positive,दया
1164,merit,positive,शिक्षक
1169,merry,positive,मैरी
1173,mesmerizing,positive,मन
1175,meticulous,positive,सूक्ष्म
1178,mighty,positive,पराक्रमी
1179,mind-blowing,positive,जो
1180,miracle,positive,चमत्कार
1181,miracles,positive,चमत्कारों
1182,miraculous,positive,तिलस्मी
1185,modern,positive,आधुनिक
1187,modesty,positive,इस
1189,monumental,positive,यादगार
1191,morality,positive,नैतिकता
1192,motivated,positive,प्रेरित
1195,neat,positive,साफ
1197,neatly,positive,अच्छे
1198,nice,positive,अच्छा
1199,nicely,positive,अच्छी
1204,noble,positive,नोबल
1210,noteworthy,positive,उल्लेखनीय
1216,oasis,positive,ओएसिस
1217,obsession,positive,जूनून
1220,openly,positive,का
1222,optimal,positive,इष्टतम
1223,optimism,positive,आशावाद
1224,optimistic,positive,आशावादी
1226,orderly,positive,व्यवस्थित
1229,outdone,positive,ने
1230,outperform,positive,सोकर
1237,outstanding,positive,बकाया
1241,ovation,positive,ओवेशन
1250,painless,positive,दर्दरहित
1259,paradise,positive,स्वर्ग
1261,pardon,positive,माफी
1262,passion,positive,जुनून
1263,passionate,positive,जुनूनी
1265,patience,positive,धैर्य
1266,patient,positive,रोगी
1268,patriot,positive,देशभक्ति
1270,peace,positive,शांति
1272,peaceful,positive,शांतिपूर्ण
1275,peach,positive,आड़ू
1277,pep,positive,उत्साहवर्धक
1280,peppy,positive,जोशीले
1282,perfect,positive,सही
1283,perfection,positive,से
1284,perfectly,positive,सही
1289,personalized,positive,निजीकृत
1290,phenomenal,positive,अद्भुत
1293,piety,positive,पुण्यशीलता
1295,playful,positive,चंचल
1297,pleasant,positive,सुखद
1298,pleasantly,positive,सुख
1299,pleased,positive,खुश
1305,pleasure,positive,खुशी
1308,plush,positive,हमेशा
1313,poise,positive,संतुलन
1315,polished,positive,पॉलिश्ड
1316,polite,positive,विनम्र
1318,popular,positive,लोकप्रिय
1319,portable,positive,पोर्टेबल
1320,posh,positive,बढि़या
1321,positive,positive,सकारात्मक
1322,positively,positive,सकारात्मक
1324,powerful,positive,शक्तिशाली
1326,praise,positive,आरती
1330,precious,positive,कीमती
1331,precise,positive,सटीक
1332,precisely,positive,ठीक
1334,prefer,positive,क्या
1335,preferable,positive,बेहतर
1340,prefers,positive,हम
1341,premier,positive,प्रीमियर
1343,prestigious,positive,प्रतिष्ठित
1345,pretty,positive,सुंदर
1346,priceless,positive,अमूल्य
1347,pride,positive,गर्व
1349,privilege,positive,सौभाग्य
1351,prize,positive,पुरस्कार
1358,productive,positive,उत्पादक
1360,proficient,positive,कुशल
1363,profoundly,positive,पूरी
1366,progress,positive,प्रगति
1367,progressive,positive,प्रगतिशील
1370,prominent,positive,प्रमुख
1371,promise,positive,वादा
1372,promised,positive,वादा
1373,promises,positive,वादे
1375,promoter,positive,प्रमोटर
1376,prompt,positive,त्वरित
1377,promptly,positive,तुरंत
1378,proper,positive,उचित
1379,properly,positive,सही
1382,pros,positive,प्रॉस
1383,prosper,positive,समृद्ध
1384,prosperity,positive,समृद्धि
1385,prosperous,positive,खुशहाल
1387,protect,positive,रक्षा
1388,protection,positive,सुरक्षा
1389,protective,positive,सुरक्षात्मक
1390,proud,positive,गर्व
1391,proven,positive,सिद्ध
1392,proves,positive,साबित
1399,punctual,positive,पाबंदी
1400,pure,positive,शुद्ध
1404,qualified,positive,सुयोग्य
1405,qualify,positive,अर्हता
1407,quiet,positive,शांत
1409,radiance,positive,लाता
1410,radiant,positive,चमकीला
1411,rapid,positive,तेज
1419,rational,positive,तर्कसंगत
1422,readable,positive,पठनीय
1423,readily,positive,आसानी
1424,ready,positive,तैयार
1427,realistic,positive,वास्तविक
1429,reasonable,positive,उचित
1430,reasonably,positive,उचित
1435,reclaim,positive,प्राप्ति
1436,recomend,positive,सुझाव
1437,recommend,positive,सिफारिश
1438,recommendation,positive,सिफारिश
1439,recommendations,positive,सुझाव
1440,recommended,positive,अनुशंसित
1441,reconcile,positive,सामंजस्य
1442,reconciliation,positive,सुलह
1444,recover,positive,लगे
1445,recovery,positive,रिकवरी
1447,rectify,positive,सुधारने
1448,rectifying,positive,का
1449,redeem,positive,रीडीम
1451,redemption,positive,मुक्ति
1452,refine,positive,परिष्कृत
1455,reform,positive,सुधार
1458,reforms,positive,सुधार
1459,refresh,positive,ताजा
1460,refreshed,positive,रिफ्रेश
1461,refreshing,positive,ताज़ी
1462,refund,positive,वापसी
1463,refunded,positive,वापिस
1464,regal,positive,राजसी
1466,regard,positive,संबंध
1471,rejuvenated,positive,जोशपूर्ण
1473,relaxed,positive,आराम
1475,reliable,positive,विश्वसनीय
1477,relief,positive,राहत
1479,remarkable,positive,उल्लेखनीय
1481,remedy,positive,उपाय
1484,renaissance,positive,अ
1487,renowned,positive,प्रसिद्ध
1488,replaceable,positive,बदले
1490,reputation,positive,प्रतिष्ठा
1497,respect,positive,सम्मान
1499,respectful,positive,सम्मानित
1503,responsibly,positive,जिम्मेदारी
1504,responsive,positive,जवाबदेह
1506,restored,positive,सुधारा
1509,restructuring,positive,पुनर्गठन
1511,revel,positive,आनंद
1512,revelation,positive,रहस्योद्घाटन
1518,revival,positive,पुनरुद्धार
1519,revive,positive,पुनर्जीवित
1521,revolutionary,positive,क्रांतिकारी
1525,reward,positive,इनाम
1526,rewarding,positive,पुण्यमय
1528,rich,positive,अमीर
1531,richness,positive,होंगी
1532,right,positive,सही
1536,righteousness,positive,लक्ष्य
1538,rightfully,positive,सही
1542,robust,positive,मजबूत
1545,rockstar,positive,रॉकस्टार
1547,romantic,positive,रोमांटिक
1553,safe,positive,सुरक्षित
1554,safely,positive,सुरक्षित
1557,saint,positive,संत
1561,salute,positive,सलाम
1562,sane,positive,मत
1564,satisfactory,positive,संतोषजनक
1565,satisfied,positive,संतुष्ट
1566,satisfies,positive,अपनी
1568,satisfying,positive,संतोषजनक
1570,saver,positive,सेवर
1571,savings,positive,बचत
1572,savior,positive,उद्धारकर्ता
1573,savvy,positive,आज
1574,scenic,positive,सुंदर
1575,seamless,positive,अखंड
1577,secure,positive,सुरक्षित
1578,securely,positive,सुरक्षित
1579,selective,positive,चयनात्मक
1585,sensation,positive,सनसनी
1586,sensational,positive,सनसनीखेज
1589,sensible,positive,समझदार
1591,sensitive,positive,संवेदनशील
1594,sexy,positive,सेक्सी
1595,sharp,positive,कोना
1596,sharper,positive,के
1600,shine,positive,चमक
1601,shiny,positive,चमकीले
1602,significant,positive,महत्वपूर्ण
1603,silent,positive,मौन
1604,simpler,positive,सरल
1605,simplest,positive,सरल
1606,simplified,positive,सरलीकृत
1607,simplifies,positive,को
1610,sincere,positive,हार्दिक
1611,sincerely,positive,दिल
1613,skill,positive,कौशल
1614,skilled,positive,कुशल
1618,sleek,positive,संकरे
1619,slick,positive,स्लिक
1620,smart,positive,स्मार्ट
1621,smarter,positive,ज्यादा
1623,smartly,positive,सुंदर
1624,smile,positive,मुस्कुराओ
1625,smiles,positive,मुस्कराती
1626,smiling,positive,मुस्कुराते
1629,smooth,positive,चिकना
1633,smoothly,positive,सुचारु
1637,soft,positive,नरम
1639,solace,positive,सोलेस
1642,solid,positive,ठोस
1644,soothe,positive,को
1646,sophisticated,positive,सोफिस्टिकेटिड
1650,spacious,positive,बहुत
1651,sparkle,positive,द्वारा
1652,sparkling,positive,स्पार्कलिंग
1653,spectacular,positive,शानदार
1656,speedy,positive,तेज
1662,spiritual,positive,आध्यात्मिक
1666,spontaneous,positive,सहज
1667,sporty,positive,स्पोरटी
1670,stability,positive,स्थिरता
1671,stabilize,positive,स्थिर
1672,stable,positive,स्थिर
1673,stainless,positive,स्टेनलेस
1676,stately,positive,आलीशान
1681,steadfast,positive,स्टेडफास्ट
1686,steady,positive,स्थिर
1687,stellar,positive,तारकीय
1697,striking,positive,आकर्षक
1699,striving,positive,प्रयास
1700,strong,positive,मजबूत
1701,stronger,positive,मजबूत
1702,strongest,positive,सबसे
1703,stunned,positive,दंग
1704,stunning,positive,आश्चर्यजनक
1705,stunningly,positive,के
1709,sturdy,positive,मज़बूत
1710,stylish,positive,स्टाइलिश
1713,suave,positive,वाले
1715,sublime,positive,का
1721,succeed,positive,सफल
1722,succeeded,positive,सफल
1725,succes,positive,सफलता
1726,success,positive,सफलता
1728,successful,positive,सफल
1729,successfully,positive,सफलतापूर्वक
1733,sufficient,positive,पर्याप्त
1734,sufficiently,positive,पर्याप्त
1735,suitable,positive,उपयुक्त
1739,super,positive,सुपर
1740,superb,positive,शानदार
1742,superior,positive,बेहतर
1744,supple,positive,नाजुक
1745,support,positive,समर्थन
1746,supported,positive,समर्थित
1747,supporter,positive,सपोर्टर
1748,supporting,positive,समर्थन
1749,supportive,positive,सहयोगी
1750,supports,positive,का
1751,supremacy,positive,वर्चस्व
1752,supreme,positive,सर्वोच्च
1759,survival,positive,बचना
1760,survivor,positive,उत्तरजीवी
1761,sustainability,positive,स्थिरता
1762,sustainable,positive,सतत
1766,swanky,positive,शानदार
1767,sweeping,positive,को
1768,sweet,positive,मीठा
1770,sweetheart,positive,मेरे
1772,sweetness,positive,मिठास
1773,swift,positive,स्विफ्ट
1775,talent,positive,प्रतिभा
1776,talented,positive,प्रतिभाशाली
1777,talents,positive,प्रतिभा
1787,tender,positive,टेंडर
1789,terrific,positive,बहुत
1791,thank,positive,धन्यवाद
1792,thankful,positive,कृतज्ञ
1794,thoughtful,positive,वैचारिक
1796,thoughtfulness,positive,सावधानी
1797,thrift,positive,किफायती
1799,thrill,positive,रोमांच
1800,thrilled,positive,रोमांचित
1805,thriving,positive,फलते
1808,tickle,positive,गुदगुदी
1809,tidy,positive,सुव्यवस्थित
1811,timely,positive,समय
1819,top,positive,शीर्ष
1823,tops,positive,अव्वल
1824,tough,positive,कड़ी
1827,traction,positive,घर्षण
1830,transparent,positive,पारदर्शी
1831,treasure,positive,खजाना
1833,trendy,positive,ट्रेंडी
1834,triumph,positive,ट्राइंफ
1839,trophy,positive,ट्रॉफी
1843,trust,positive,पर
1844,trusted,positive,विश्वसनीय
1848,trustworthy,positive,भरोसेमंद
1851,truthfully,positive,सच
1855,unabashed,positive,आवरणरहति
1859,unbeatable,positive,अद्वितीय
1862,uncomplicated,positive,सरल
1875,unforgettable,positive,अविस्मरणीय
1876,unity,positive,एकता
1877,unlimited,positive,असीमित
1881,unquestionably,positive,मोहरा
1890,upgraded,positive,अपग्रेडेड
1893,uplift,positive,बनी
1894,uplifting,positive,प्रेरक
1898,usable,positive,प्रयोग
1900,useful,positive,उपयोगी
1906,valuable,positive,कीमती
1907,variety,positive,किस्म
1911,versatile,positive,चलन
1913,vibrant,positive,जीवंत
1916,victory,positive,जीत
1917,viewable,positive,देख
1920,virtue,positive,गुण
1921,virtuous,positive,गुणी
1925,vivid,positive,विशद
1928,warm,positive,गर्म
1929,warmer,positive,गर्म
1932,warmth,positive,गर्माहट
1933,wealthy,positive,धनी
1934,welcome,positive,आपका
1935,well,positive,अच्छी
1939,well-being,positive,भलाई
1963,willing,positive,हाजिरी
1966,win,positive,जीत
1969,winner,positive,विजेता
1970,winners,positive,विजेताओं
1971,winning,positive,विजेता
1972,wins,positive,जीत
1973,wisdom,positive,ज्ञान
1974,wise,positive,बुद्धिमान
1975,wisely,positive,बुद्धिमानी
1976,witty,positive,मजाकिया
1977,won,positive,जीता
1978,wonder,positive,आश्चर्य
1979,wonderful,positive,अद्भुत
1980,wonderfully,positive,का
1983,wonders,positive,आश्चर्य
1985,woo,positive,वू
1986,work,positive,काम
1988,worked,positive,काम
1989,works,positive,काम
1991,worth,positive,लायक
1994,worthwhile,positive,सार्थक
1995,worthy,positive,लायक
1996,wow,positive,वाह
1997,wowed,positive,पाम
2000,yay,positive,हां
2001,youthful,positive,युवा
2004,zest,positive,का
2008,abnormal,negative,असामान्य
2015,aborted,negative,फ्लेशिंग
2018,abrasive,negative,संपर्क
2022,absence,negative,अनुपस्थिति
2024,absentee,negative,अनुपस्थित
2029,abuse,negative,दुरुपयोग
2030,abused,negative,उत्पीड़न
2032,abusive,negative,अपमानजनक
2036,accidental,negative,दुर्घटना
2039,accusation,negative,आरोप
2041,accuse,negative,आरोप
2048,ache,negative,में
2049,ached,negative,पसीजा
2050,aches,negative,का
2052,aching,negative,दर्द
2061,addict,negative,नशेड़ी
2062,addicted,negative,आदी
2063,addicting,negative,लत
2076,adverse,negative,प्रतिकूल
2077,adversity,negative,के
2082,afraid,negative,डरना
2086,aggression,negative,आक्रामकता
2087,aggressive,negative,आक्रामक
2104,alarm,negative,अलार्म
2114,allergic,negative,एलर्जिक
2115,allergies,negative,एलर्जी
2116,allergy,negative,एलर्जी
2117,aloof,negative,अलग
2120,ambiguous,negative,अस्पष्ट
2129,anarchy,negative,अराजकता
2131,anger,negative,उबाल
2134,angry,negative,गुस्सा
2139,annoy,negative,परेशान
2142,annoyed,negative,नाराज
2143,annoying,negative,नखरीली
2145,annoys,negative,गुस्सा
2149,antagonist,negative,विलन
2165,anxiety,negative,चिंता
2166,anxious,negative,उत्सुक
2172,apocalypse,negative,सर्वनाश
2185,arbitrary,negative,मनमाना
2192,arrogant,negative,एरोगेंट
2194,ashamed,negative,शर्मिंदा
2203,assassin,negative,असैसिन
2205,assault,negative,हमला
2210,atrocities,negative,दुष्कर्म
2213,attack,negative,हमला
2214,attacks,negative,हमले
2224,avalanche,negative,हिमस्खलन
2229,averse,negative,के
2232,awful,negative,बहुत
2235,awkward,negative,अजीब
2237,ax,negative,एएक्स
2242,backache,negative,पीठदर्द
2247,backward,negative,पीछे
2251,bad,negative,बुरा
2252,badly,negative,बुरी
2264,bankrupt,negative,दिवालिया
2273,bash,negative,बैश
2277,bastard,negative,कमीने
2278,bastards,negative,कमीने
2279,battered,negative,पीड़ित
2287,beg,negative,भीख
2288,beggar,negative,भिखारी
2290,begging,negative,भीख
2293,belated,negative,विलम्बित
2301,belligerent,negative,जुझारू
2306,bent,negative,आमादा
2309,bereavement,negative,शोक
2318,betrayal,negative,धोखा
2324,beware,negative,सावधान
2327,bewildering,negative,विस्मयकारी
2331,bias,negative,पक्षपात
2332,biased,negative,पक्षपाती
2341,biting,negative,काटना
2343,bitter,negative,कड़वा
2346,bizarre,negative,विचित्र
2350,blah,negative,ब्ला
2351,blame,negative,दोष
2353,bland,negative,फीका
2365,bleed,negative,खून
2366,bleeding,negative,ब्लीडिंग
2368,blemish,negative,दाग
2369,blind,negative,अंधा
2373,blister,negative,छाला
2375,bloated,negative,ब्लोटेड
2380,bloody,negative,खूनी
2382,blow,negative,आघात
2386,blunt,negative,कुंद
2387,blur,negative,धुंधलापन
2389,blurred,negative,धुंधली
2390,blurring,negative,ब्लर्रिंग
2396,bogus,negative,पदों
2397,boil,negative,उबालने
2398,boiling,negative,उबलना
2399,boisterous,negative,मस्ती
2400,bomb,negative,बम
2401,bombard,negative,ने
2406,bore,negative,बोर
2407,bored,negative,ऊबना
2408,boredom,negative,बोरियत
2410,boring,negative,उबाऊ
2412,bother,negative,परेशान
2414,bothering,negative,परेशान
2415,bothers,negative,परेशान
2418,boycott,negative,बहिष्कार
2426,brat,negative,साहबजादा
2431,breach,negative,उल्लंघन
2432,break,negative,ब्रेक
2435,breakdown,negative,टूटना
2436,breaking,negative,ब्रेकिंग
2437,breaks,negative,टूट
2440,bribery,negative,ने
2443,brittle,negative,की
2444,broke,negative,तोड़
2445,broken,negative,टूटा
2452,bruising,negative,चोट
2454,brutal,negative,क्रूर
2461,brute,negative,पाशविक
2463,bs,negative,बी
2464,buckle,negative,बकल
2465,bug,negative,बग
2467,buggy,negative,बगी
2468,bugs,negative,कीड़े
2475,bullies,negative,बुलीज
2476,bullshit,negative,बकवास
2478,bully,negative,बुली
2479,bullying,negative,बदमाशी
2482,bump,negative,अर्चन
2486,bumps,negative,घाव
2491,bunk,negative,बंक
2492,burden,negative,बोझ
2495,burn,negative,जलाना
2496,burned,negative,फूंका
2497,burning,negative,जलना
2498,burns,negative,जला
2499,bust,negative,सीना
2502,butcher,negative,कसाई
2507,calamities,negative,आपदाएं
2510,calamity,negative,आपदा
2518,cancer,negative,कैंसर
2520,cannibal,negative,नरभक्षक
2523,capricious,negative,मौजी
2527,careless,negative,लापरवाह
2529,caricature,negative,कार्टून
2531,carp,negative,कार्प
2536,casualty,negative,घायल
2541,catastrophe,negative,तबाही
2549,cave,negative,गुफा
2554,challenging,negative,रहा
2555,chaos,negative,हलचल
2562,cheap,negative,सस्ते
2565,cheat,negative,धोखा
2566,cheated,negative,धोखा
2568,cheating,negative,धोखा
2569,cheats,negative,छिपा
2574,childish,negative,बचकाना
2575,chill,negative,चिल
2576,chilly,negative,मिर्च
2581,chore,negative,का
2582,chronic,negative,चिरकालिक
2591,clogged,negative,जाम
2593,cloud,negative,क्लाउड
2595,cloudy,negative,बादल
2596,clueless,negative,अंजान
2598,clunky,negative,भद्दी
2599,coarse,negative,अपरिष्कृत
2602,coercion,negative,मानस
2604,cold,negative,ठंड
2606,collapse,negative,ढहना
2611,comical,negative,आनंदप्रद
2614,commotion,negative,मची
2617,complain,negative,शिकायत
2619,complaining,negative,शिकायत
2621,complaint,negative,शिकायत
2622,complaints,negative,शिकायतें
2623,complex,negative,जटिल
2624,complicated,negative,जटिल
2628,compulsive,negative,बाध्यकारी
2635,concern,negative,चिंता
2636,concerned,negative,चिंतित
2637,concerns,negative,चिंता
2649,confess,negative,मानता
2650,confession,negative,गल्ती
2652,confined,negative,सीमित
2653,conflict,negative,संघर्ष
2655,conflicting,negative,विरोधाभाषी
2656,conflicts,negative,विरोधों
2658,confounded,negative,हैरान
2659,confounding,negative,गड़बड़ी
2664,confused,negative,उलझन
2666,confusing,negative,भ्रामक
2667,confusion,negative,असमंजस
2670,congestion,negative,रुकावट़
2671,cons,negative,विपक्ष
2673,conservative,negative,कंजर्वेटिव
2674,conspicuous,negative,प्रत्यक्ष
2677,conspiracy,negative,गहरी
2681,consternation,negative,घबराहट
2682,contagious,negative,संक्रामक
2684,contaminated,negative,गांव
2687,contamination,negative,संदूषण
2688,contempt,negative,अवहेलना
2704,controversial,negative,विवादास्पद
2705,controversy,negative,कंट्रोवर्सी
2708,corrosion,negative,जंग
2710,corrosive,negative,संक्षारक
2711,corrupt,negative,भ्रष्ट
2712,corrupted,negative,भ्रष्ट
2714,corruption,negative,भ्रष्टाचार
2717,costlier,negative,महंगे
2718,costly,negative,महंगा
2726,crack,negative,क्रैक
2727,cracked,negative,टूटी
2728,cracks,negative,दरार
2736,crap,negative,इस
2739,crash,negative,दुर्घटना
2740,crashed,negative,दुर्घटनाग्रस्त
2741,crashes,negative,करने
2742,crashing,negative,दुर्घटनाग्रस्त
2749,crazy,negative,पागल
2754,creep,negative,डरावना
2755,creeping,negative,रेंगती
2756,creeps,negative,चिंताएं
2757,creepy,negative,डरावने
2759,crime,negative,अपराध
2760,criminal,negative,आपराधिक
2766,cripples,negative,अपंग
2768,crisis,negative,संकट
2769,critic,negative,आलोचक
2770,critical,negative,महत्वपूर्ण
2771,criticism,negative,आलोचना
2772,criticisms,negative,रूढ़िवादि
2775,criticizing,negative,आलोचना
2776,critics,negative,आलोचकों
2778,crook,negative,बदमाश
2779,crooked,negative,कुटिल
2780,crooks,negative,बदमाश
2781,crowded,negative,भीड़
2783,crude,negative,कच्चा
2790,cruelty,negative,क्रूरता
2792,crumbling,negative,पेस्ट्री
2797,crush,negative,क्रश
2798,crushed,negative,कुचला
2800,cry,negative,रोना
2807,curse,negative,अभिशाप
2811,cuss,negative,कसम
2817,damage,negative,क्षति
2818,damaged,negative,क्षतिग्रस्त
2819,damages,negative,हर्जाना
2820,damaging,negative,को
2821,damn,negative,लानत
2825,damned,negative,अभिशप्त
2828,danger,negative,खतरा
2829,dangerous,negative,खतरनाक
2831,dark,negative,गहरा
2835,darkness,negative,अंधेरा
2842,daze,negative,डेज
2843,dazed,negative,घबराया
2844,dead,negative,मृत
2847,deadly,negative,घातक
2849,deaf,negative,बहरा
2851,death,negative,मृत्यु
2863,debt,negative,ऋण
2864,debts,negative,ऋण
2866,decadent,negative,अनैतिक
2867,decay,negative,क्षय
2869,deceit,negative,धोखा
2870,deceitful,negative,ये
2873,deceive,negative,धोखा
2876,deceiving,negative,धोखा
2877,deception,negative,ने
2881,decline,negative,गिरावट
2882,declines,negative,का
2888,defamation,negative,मानहानि
2892,defect,negative,दोष
2893,defective,negative,दोषपूर्ण
2894,defects,negative,दोष
2895,defensive,negative,रक्षात्मक
2899,deficiencies,negative,विकारों
2900,deficiency,negative,डेफिसिएंसी
2908,defy,negative,को
2911,degeneration,negative,अध
2912,degradation,negative,में
2923,delay,negative,देरी
2924,delayed,negative,देरी
2926,delays,negative,ऑपरेशन
2934,delusion,negative,की
2939,demise,negative,मौत
2942,demon,negative,दानव
2951,denial,negative,इनकार
2952,denied,negative,इनकार
2956,dense,negative,सघन
2959,dents,negative,खरोंच
2963,deny,negative,इनकार
2965,deplete,negative,खाली
2976,depressed,negative,उदास
2979,depression,negative,डिप्रेशन
2982,deprived,negative,वंचित
2990,desert,negative,रेगिस्तान
2998,despair,negative,निराशा
3001,desperate,negative,मायूस
3003,desperation,negative,हताशा
3021,destroy,negative,नष्ट
3023,destruction,negative,विनाश
3024,destructive,negative,विनाशकारी
3026,deter,negative,को
3030,deterrent,negative,निवारक
3049,devastation,negative,तबाही
3051,deviation,negative,विचलन
3052,devil,negative,शैतान
3057,devious,negative,कुटिल
3060,devoid,negative,रहित
3068,dick,negative,लंड
3071,die,negative,मरना
3073,died,negative,मर
3074,dies,negative,की
3075,difficult,negative,मुश्किल
3076,difficulties,negative,में
3077,difficulty,negative,बड़ी
3080,dilemma,negative,दुविधा
3082,dim,negative,मंद
3083,dimmer,negative,मद्धम
3085,ding,negative,डिंग
3086,dings,negative,खनखन
3088,dire,negative,डायर
3091,dirt,negative,वाली
3095,dirty,negative,गंदा
3096,disable,negative,निष्क्रिय
3097,disabled,negative,अक्षम
3099,disadvantage,negative,नुकसान
3102,disadvantages,negative,नुकसान
3106,disagree,negative,असहमत
3111,disagreement,negative,धक्कामुक्की
3117,disappoint,negative,को
3118,disappointed,negative,निराश
3119,disappointing,negative,निराशाजनक
3122,disappointments,negative,निराशा
3130,disaster,negative,आपदा
3132,disastrous,negative,विनाशकारी
3143,discomfort,negative,में
3155,discontinued,negative,बंद
3158,discord,negative,कलह
3162,discourage,negative,को
3172,discrimination,negative,भेदभाव
3174,disdain,negative,घृणा
3179,disgrace,negative,अपमान
3195,dishonest,negative,बेईमान
3198,dishonor,negative,अनादर
3215,dislike,negative,नापसंदगी
3217,dislikes,negative,नापसंद
3219,dislocated,negative,अव्यवस्थित
3231,disobedience,negative,अवज्ञा
3235,disorder,negative,विकार
3259,dispute,negative,विवाद
3260,disputed,negative,विवादित
3277,disruption,negative,व्यवधान
3285,dissatisfied,negative,असंतुष्ट
3289,dissed,negative,का
3305,dissonance,negative,मतभेद
3316,distortion,negative,डिस्टोर्शन
3324,distress,negative,संकट
3331,disturb,negative,परेशान
3332,disturbance,negative,हंगामा
3344,dizzy,negative,चक्कर
3354,doom,negative,कयामत
3357,dope,negative,डोप
3358,doubt,negative,शक
3359,doubtful,negative,संदिग्ध
3361,doubts,negative,संदेह
3374,downside,negative,सवाल
3381,drag,negative,खींचें
3386,drain,negative,नाली
3387,drained,negative,वाली
3390,drastic,negative,भारी
3392,drawback,negative,ड्रॉबैक
3395,dreadful,negative,भयानक
3408,dropout,negative,छोड़ने
3410,drought,negative,सूखे
3411,drowning,negative,डूब
3412,drunk,negative,नशे
3415,dubious,negative,इस
3419,dull,negative,सुस्त
3421,dumb,negative,गूंगा
3423,dump,negative,डंप
3424,dumped,negative,की
3428,dungeon,negative,कालकोठरी
3431,dust,negative,धूल
3432,dusty,negative,गन्दे
3434,dying,negative,दम
3448,elimination,negative,निष्कासन
3451,embarrass,negative,शर्मिंदा
3452,embarrassing,negative,शर्मनाक
3459,emergency,negative,आपातकालीन
3466,enemies,negative,दुश्मन
3467,enemy,negative,दुश्मन
3478,entangle,negative,को
3482,envious,negative,सम्मोहक
3485,epidemic,negative,संक्रामक
3487,erase,negative,मिटा
3490,erosion,negative,कटाव
3497,error,negative,त्रुटि
3498,errors,negative,त्रुटियां
3500,escapade,negative,एस्कपेड
3504,evasion,negative,की
3506,evil,negative,बुराई
3515,exaggeration,negative,अतिशयोक्ति
3521,excessive,negative,अत्यधिक
3522,excessively,negative,देना
3523,exclusion,negative,अपवर्जन
3527,excuse,negative,बहाना
3528,excuses,negative,बहाने
3530,exhaust,negative,निकास
3531,exhausted,negative,थका
3541,expensive,negative,महंगा
3542,expire,negative,समाप्त
3543,expired,negative,समाप्त
3544,explode,negative,लगभग
3545,exploit,negative,शोषित
3546,exploitation,negative,शोषण
3547,explosive,negative,विस्फोटक
3554,extinguish,negative,कब
3559,extravagant,negative,खर्चीले
3567,fabrication,negative,निर्माण
3570,fail,negative,विफल
3571,failed,negative,विफल
3573,fails,negative,विफल
3574,failure,negative,विफलता
3575,failures,negative,विफलता
3576,faint,negative,कमजोर
3579,fake,negative,नकली
3580,fall,negative,पड़ना
3586,fallen,negative,प्यार
3587,falling,negative,गिरना
3589,falls,negative,नीचे
3590,false,negative,बनावटी
3596,famine,negative,दुष्काल
3598,fanatic,negative,कट्टर
3602,fanatics,negative,फैनाटिक्स
3605,farce,negative,को
3610,fascism,negative,फासीवाद
3611,fascist,negative,फासीवादी
3615,fat,negative,वसा
3618,fatal,negative,घातक
3627,fatigue,negative,थकान
3630,fatty,negative,फैटी
3634,fault,negative,आखिर
3636,faulty,negative,दोषपूर्ण
3639,fear,negative,डर
3642,fears,negative,भय
3644,feckless,negative,बेफिक्र
3650,fell,negative,गिर
3656,fever,negative,वात
3662,fickle,negative,चंचल
3663,fiction,negative,काल्पनिक
3664,fictional,negative,काल्पनिक
3668,fiend,negative,के
3670,fierce,negative,बहतरीन
3677,fist,negative,मुट्ठी
3680,flagging,negative,फ्लैगिंग
3683,flair,negative,मज़ा
3686,flake,negative,पागल
3691,flare,negative,चमकाना
3696,flaunt,negative,लैक्मे
3697,flaw,negative,दोष
3698,flawed,negative,त्रुटिपूर्ण
3700,flee,negative,पिस्सू
3705,fleeting,negative,क्षणिक
3713,flirt,negative,फ्लर्ट
3714,flirty,negative,शोख
3720,foe,negative,दुश्मन
3721,fool,negative,बेवकूफ
3722,fooled,negative,ने
3724,foolish,negative,बेवकूफ
3727,forbid,negative,न
3728,forbidden,negative,वर्जित
3734,forged,negative,ने
3743,foul,negative,एक
3748,fracture,negative,फ्रैक्चर
3749,fragile,negative,दुर्बल
3755,fraud,negative,फ्रॉड
3760,freak,negative,सनकी
3761,freaking,negative,अनूठे
3764,freaks,negative,सामने
3765,freeze,negative,फ्रीज
3767,freezing,negative,हिमांक
3777,fried,negative,तला
3780,fright,negative,भय
3781,frighten,negative,फ्राइटन
3787,frost,negative,तैयार
3790,frozen,negative,जमे
3796,frustrating,negative,निराशाजनक
3798,frustration,negative,भड़ास
3801,fucking,negative,जबर्दस्त
3807,fume,negative,धुएं
3810,funky,negative,फंकी
3812,funny,negative,मजेदार
3813,furious,negative,फ्यूरियस
3816,fury,negative,कहर
3817,fuss,negative,उपद्रव
3821,futile,negative,व्यर्थ
3824,fuzzy,negative,फजी
3834,gangster,negative,गैंगस्टर
3836,garbage,negative,कचरा
3838,gasp,negative,सांस
3858,glare,negative,चमक
3863,glitches,negative,ग्लिचिस
3865,gloom,negative,निराशा
3866,gloomy,negative,उदास
3874,goof,negative,मूर्ख
3877,gossip,negative,गपशप
3883,grate,negative,घिस
3887,greed,negative,लालच
3888,greedy,negative,लालची
3890,grievance,negative,शिकायत
3891,grievances,negative,शिकायतों
3898,grind,negative,पीसने
3903,gross,negative,सकल
3909,grouse,negative,ग्रोउस
3911,grudge,negative,शिकायत
3923,grumpy,negative,क्रोधी
3927,guilty,negative,दोषी
3930,gutter,negative,गटर
3931,hack,negative,हैक
3943,hang,negative,लटका
3944,hangs,negative,ने
3951,harassment,negative,उत्पीड़न
3954,hard,negative,मुश्किल
3965,hardship,negative,कठिनाई
3967,harm,negative,नुकसान
3969,harmful,negative,हानिकारक
3975,harsh,negative,कठोर
3978,hassle,negative,परेशानी
3980,hassles,negative,बाधा
3984,hate,negative,नफरत
3985,hated,negative,नफ़रत
3990,haters,negative,हैर्ट्स
3993,hatred,negative,घृणा
3997,haunting,negative,बार
3998,havoc,negative,कहर
4001,hazard,negative,जोखिम
4002,hazardous,negative,खतरनाक
4003,haze,negative,गान्जा
4006,headache,negative,सिर
4011,heartless,negative,हृदयहीन
4015,heck,negative,निकलो
4019,hectic,negative,व्यस्त
4020,hedge,negative,बचाव
4023,hefty,negative,पर
4027,heinous,negative,जघन्य
4028,hell,negative,नरक
4031,hells,negative,हीलें
4035,heresy,negative,हरसे
4045,hinder,negative,बनी
4054,hogs,negative,सूअर
4055,hollow,negative,खोखला
4059,hopeless,negative,निराशाजनक
4060,hopelessly,negative,निराशाजनक
4061,hopelessness,negative,निराशा
4062,horde,negative,होर्ड
4065,horrible,negative,भयानक
4074,hostile,negative,नकारात्मक
4075,hostilities,negative,लोग
4076,hostility,negative,दुश्मनी
4083,hum,negative,द
4084,humid,negative,नमी
4089,hung,negative,लटका
4090,hurt,negative,चोट
4093,hurting,negative,को
4094,hurts,negative,दर्द
4096,hype,negative,प्रचार
4110,idiot,negative,बेवकूफ
4113,idiots,negative,बेवकूफ
4114,idle,negative,निष्क्रिय
4119,ignorance,negative,अज्ञानता
4120,ignorant,negative,अज्ञानी
4121,ignore,negative,को
4137,illegal,negative,अवैध
4141,illiterate,negative,इन
4142,illness,negative,बीमारी
4146,illusion,negative,भ्रम
4147,illusions,negative,भ्रम
4161,immoral,negative,अग्निवर्ण
4169,impatient,negative,अधीर
4170,impatiently,negative,बेसब्री
4172,impedance,negative,प्रतिबाधा
4174,impediment,negative,रुकावट
4175,impending,negative,आनेवाली
4177,imperfect,negative,अपूर्ण
4180,imperfectly,negative,अपूर्ण
4197,implication,negative,प्रभाव
4204,impose,negative,लागू
4208,impossible,negative,असंभव
4214,impractical,negative,नेहरु
4233,impulsive,negative,ये
4239,inaccuracies,negative,गलतियों
4240,inaccuracy,negative,गलती
4241,inaccurate,negative,अनुचित
4244,inactive,negative,निष्क्रिय
4254,inappropriate,negative,अनुपयुक्त
4271,inclement,negative,खराब
4285,incomplete,negative,अपूर्ण
4302,inconsistent,negative,असंगत
4306,inconvenience,negative,असुविधा
4308,incorrect,negative,गलत
4330,indignant,negative,क्रोधित
4332,indignation,negative,क्रोध
4345,indulge,negative,खो
4359,ineligible,negative,अयोग्य
4366,inequality,negative,असमानता
4373,inevitable,negative,ज़रुरी
4380,inexperienced,negative,अनुभवहीन
4390,infected,negative,संक्रमित
4391,infection,negative,संक्रमण
4392,infections,negative,संक्रमण
4395,infernal,negative,नारकीय
4405,inflammatory,negative,ज्वलनशील
4413,infringement,negative,उल्लंघन
4423,inhibition,negative,अवरोधन
4435,injurious,negative,हानिकारक
4436,injury,negative,चोट
4437,injustice,negative,अन्याय
4444,insane,negative,पागल
4446,insanity,negative,सबब
4447,insatiable,negative,लालची
4449,insecurity,negative,असुरक्षा
4451,insensitive,negative,असंवेदनशील
4482,insufficient,negative,अपर्याप्त
4485,insult,negative,अपमान
4487,insulting,negative,अपमान
4492,insurmountable,negative,दूर
4497,intense,negative,प्रचण्ड
4498,interfere,negative,हस्तक्षेप
4499,interference,negative,दखल
4501,intermittent,negative,रुक
4509,intolerable,negative,असहनीय
4511,intolerance,negative,असहिष्णुता
4517,intrusion,negative,आतंकवादी
4521,invader,negative,इन्वेडर
4522,invalid,negative,अमान्य
4525,invasive,negative,आक्रामक
4531,invisible,negative,अदृश्य
4550,irony,negative,विडम्बना
4565,irregular,negative,टायर
4566,irregularity,negative,की
4579,irritable,negative,इर्रिटेबल
4582,irritate,negative,जलन
4584,irritating,negative,तकलीफदेह
4585,irritation,negative,जलन
4586,irritations,negative,जलन
4587,isolate,negative,अलग
4588,isolated,negative,एकांत
4590,issue,negative,मुद्दा
4591,issues,negative,मुद्दे
4592,itch,negative,खुजली
4593,itching,negative,खुजली
4594,itchy,negative,खुजली
4597,jagged,negative,दांतेदार
4598,jam,negative,जाम
4601,jealous,negative,जलन
4604,jealousy,negative,डाह
4609,jeopardize,negative,खतरे
4610,jeopardy,negative,खतरे
4611,jerk,negative,झटकें
4612,jerky,negative,जर्की
4618,joke,negative,मजाक
4625,junk,negative,जंक
4631,kill,negative,मारना
4632,killed,negative,मारा
4633,killer,negative,किलर
4634,killing,negative,मार
4636,kills,negative,मारता
4638,knife,negative,चाकू
4639,knock,negative,दस्तक
4643,lack,negative,कमी
4648,lacking,negative,कमी
4650,lacks,negative,का
4652,lag,negative,अंतराल
4656,lags,negative,पीछे
4660,lame,negative,कमजोर
4671,lapse,negative,चूक
4686,lazy,negative,आलसी
4687,leak,negative,रिसाव
4688,leakage,negative,लीकेज
4690,leaking,negative,लीक
4691,leaks,negative,लीक
4701,lemon,negative,नींबू
4702,lengthy,negative,लंबी
4706,lethal,negative,जानलेवा
4707,lethargic,negative,सुस्त
4712,liability,negative,दायित्व
4713,liable,negative,उत्तरदायी
4714,liar,negative,झूठे
4715,liars,negative,के
4719,lie,negative,झूठ
4720,lied,negative,झूठ
4721,lier,negative,बहुत
4722,lies,negative,झूठ
4725,limit,negative,सीमा
4726,limitation,negative,सीमा
4727,limitations,negative,सीमाओं
4728,limited,negative,सीमित
4729,limits,negative,सीमा
4730,limp,negative,लिम्प
4737,loathe,negative,नफरत
4738,loathing,negative,घृणा
4742,lone,negative,लोन
4743,loneliness,negative,तन्हाई
4744,lonely,negative,अकेला
4753,loose,negative,ढीला
4754,loot,negative,लूट
4756,lose,negative,खोना
4757,loser,negative,हारने
4758,losers,negative,फिसड्डियों
4759,loses,negative,हारी
4760,losing,negative,घटाना
4761,loss,negative,हानि
4762,losses,negative,हानियों
4763,lost,negative,खोया
4764,loud,negative,जोर
4765,louder,negative,की
4774,lukewarm,negative,गुनगुने
4780,lure,negative,प्रलोभन
4784,lying,negative,झूठ
4786,mad,negative,पागल
4788,maddening,negative,ही
4791,madly,negative,पागल
4792,madman,negative,मैडमैन
4793,madness,negative,पागलपन
4805,malicious,negative,खराब
4809,malignant,negative,घातक
4816,mania,negative,उन्माद
4820,manipulate,negative,हेरफेर
4821,manipulation,negative,हेरफेर
4824,mar,negative,मार
4825,marginal,negative,सीमांत
4827,martyrdom,negative,तौर
4829,mashed,negative,मैश
4830,massacre,negative,नरसंहार
4832,matte,negative,मैट
4842,mediocre,negative,अजीब
4856,mess,negative,गड़बड़
4864,mindless,negative,नासमझ
4879,miscellaneous,negative,विविध
4880,mischief,negative,शरारत
4883,misconception,negative,धारणा
4884,misconceptions,negative,गलतफहमी
4889,miserable,negative,चालाक
4894,misery,negative,दुख
4901,misguided,negative,गुमराह
4909,mislead,negative,गुमराह
4910,misleading,negative,भ्रामक
4921,miss,negative,याद
4922,missed,negative,याद
4925,mist,negative,धुंध
4926,mistake,negative,गलती
4927,mistaken,negative,गलत
4929,mistakes,negative,गलतियाँ
4931,mistress,negative,मालकिन
4936,misunderstand,negative,गलत
4937,misunderstanding,negative,गलतफहमी
4939,misunderstood,negative,गलत
4940,misuse,negative,दुरुपयोग
4941,moan,negative,विलाप
4943,mock,negative,नकली
4944,mocked,negative,का
4951,molestation,negative,दुष्कर्म
4954,monster,negative,राक्षस
4960,moot,negative,विवादास्पद
4967,moron,negative,मूर्ख
4974,motionless,negative,स्थिर
4976,mourn,negative,ने
4981,muddy,negative,गंदा
4987,murder,negative,हत्या
4988,murderer,negative,मार
4994,musty,negative,बासी
4997,mystery,negative,रहस्य
4999,myth,negative,मिथक
5001,nagging,negative,परेशान
5002,naive,negative,भोले
5004,narrower,negative,क्या
5007,nasty,negative,गंदी
5008,naughty,negative,शरारती
5017,needlessly,negative,बेवजह
5018,needy,negative,जरूरतमंद
5023,negative,negative,नकारात्मक
5028,negligence,negative,लापरवाही
5032,nervous,negative,तंत्रिका
5041,nightmare,negative,बुरे
5046,noise,negative,शोर
5049,noisy,negative,शोर
5053,nonsense,negative,बकवास
5059,nuisance,negative,बनी
5060,numb,negative,सुन्न
5061,obese,negative,मोटे
5062,object,negative,वस्तु
5063,objection,negative,आपत्ति
5064,objectionable,negative,आपत्तिजनक
5065,objections,negative,आपत्ति
5072,obscene,negative,अश्लील
5080,obsessive,negative,ज़ुनूनी
5089,obstructing,negative,बाधा
5098,odd,negative,विषम
5102,oddity,negative,विषमता
5104,odor,negative,गंध
5105,offence,negative,अपराध
5107,offender,negative,अपराधी
5110,offensive,negative,अपमानजनक
5116,omission,negative,चूक
5123,opponent,negative,प्रतिद्वंद्वी
5126,opposition,negative,मुखर
5129,oppression,negative,उत्पीड़न
5150,outsider,negative,यह
5167,overdue,negative,काफी
5171,overloaded,negative,ओवरलोडेड
5177,overpriced,negative,अत्यधिक
5178,overrated,negative,अहंकारी
5182,oversight,negative,पर्यवेक्षण
5200,overwhelming,negative,भारी
5206,pain,negative,दर्द
5207,painful,negative,दर्दनाक
5210,pains,negative,पीड़ा
5211,pale,negative,पीली
5214,pan,negative,पैन
5219,panic,negative,आकस्मिक
5229,paranoid,negative,पागल
5232,parody,negative,पैरोडी
5236,passe,negative,पुराने
5237,passive,negative,परोक्ष
5239,pathetic,negative,दयनीय
5242,paucity,negative,कमी
5245,payback,negative,ऋण
5255,penalty,negative,दंड
5259,peril,negative,पेरिल
5284,pessimistic,negative,निराशावादी
5286,pest,negative,कीट
5288,petrified,negative,सख्त
5291,petty,negative,खुदरा
5300,pig,negative,सुअर
5301,pigs,negative,सूअर
5305,pinch,negative,चुटकी
5313,pity,negative,बेचारा
5315,plague,negative,प्लेग
5318,plea,negative,याचिकाओं
5319,pleas,negative,कृपया
5321,plight,negative,आंसू
5322,plot,negative,प्लॉट
5324,ploy,negative,पॉली
5329,poison,negative,विष
5330,poisonous,negative,जहरीली
5336,pollute,negative,मैली
5339,polution,negative,प्रदूषण
5341,poor,negative,गरीब
5344,poorly,negative,खराब
5347,poverty,negative,गरीबी
5356,predatory,negative,दरिंदगी
5359,prejudice,negative,पूर्वाग्रह
5369,pretend,negative,का
5376,prick,negative,चुभाया
5381,primitive,negative,प्राथमिक
5382,prison,negative,जेल
5383,prisoner,negative,कैदी
5384,problem,negative,समस्या
5386,problems,negative,समस्याएं
5391,profanity,negative,गाली
5394,prohibitively,negative,बेहद
5397,proprietary,negative,मालिकाना
5399,protest,negative,पानी
5401,protesting,negative,विरोध
5402,protests,negative,सरकार
5411,punch,negative,पंच
5412,punish,negative,दंडित
5413,punishable,negative,दंडनीय
5414,punitive,negative,दंडात्मक
5415,punk,negative,पंक
5417,puppet,negative,कठपुतली
5419,puzzled,negative,हैरान
5432,queer,negative,क्वीयर
5437,rabid,negative,पागल
5438,racism,negative,कि
5439,racist,negative,जातिवाद
5442,radical,negative,मूलक
5446,rage,negative,क्रोध
5448,raging,negative,लगाना
5449,rail,negative,रेल
5451,rampage,negative,की
5455,randomly,negative,अचानक
5462,rape,negative,रेप
5463,raped,negative,आबरू
5467,rash,negative,रेश
5479,recession,negative,मंदी
5481,reckless,negative,लापरवाह
5484,recoil,negative,वापसी
5486,redundancy,negative,अतिरिक्तता
5487,redundant,negative,निरर्थक
5488,refusal,negative,से
5489,refuse,negative,मना
5490,refused,negative,मना
5492,refusing,negative,मना
5499,regression,negative,प्रतिगमन
5501,regret,negative,अफसोस
5505,regrets,negative,पछतावे
5509,reject,negative,रिजेक्ट
5510,rejected,negative,रिजेक्ट
5512,rejection,negative,अस्वीकृति
5513,rejects,negative,ने
5515,relentless,negative,इरादा
5521,remorse,negative,पछतावा
5530,repetitive,negative,दोहराए
5552,repulsive,negative,प्रतिकारक
5555,resent,negative,गुस्सा
5558,resignation,negative,इस्तीफा
5559,resigned,negative,त्याग
5560,resistance,negative,प्रतिरोध
5561,restless,negative,बेचैन
5562,restlessness,negative,बैचेनी
5564,restricted,negative,प्रतिबंधित
5570,retard,negative,मंदबुद्धि
5571,retarded,negative,मंदबुद्धि
5576,retreat,negative,पीछे
5578,revenge,negative,प्रतिशोध
5592,rhetorical,negative,वाकपटुता
5599,rift,negative,दरार
5601,rigid,negative,सख्त
5606,rip,negative,आरआईपी
5608,ripoff,negative,रिपोफ
5609,ripped,negative,रिप्पड़
5610,risk,negative,जोखिम
5611,risks,negative,जोखिम
5613,rival,negative,प्रतिद्वंद्वी
5616,rocky,negative,रॉकी
5617,rogue,negative,दुष्ट
5620,rotten,negative,सड़ा
5621,rough,negative,रफ
5623,rubbish,negative,बकवास
5624,rude,negative,अशिष्ट
5625,rue,negative,रुए
5628,ruin,negative,बर्बाद
5629,ruined,negative,का
5630,ruining,negative,को
5632,ruins,negative,खंडहर
5634,rumor,negative,अफ़वाह
5635,rumors,negative,अफवाहों
5636,rumours,negative,अफवाहें
5639,runaway,negative,भगोड़ा
5641,rust,negative,जंग
5645,ruthless,negative,ग़लती
5650,sack,negative,बोरी
5652,sad,negative,दुख
5653,sadden,negative,उदास
5655,sadness,negative,बदली
5658,sagging,negative,ढीली
5663,sap,negative,एसएपी
5665,sarcastic,negative,व्यंग्यात्मक
5670,satirical,negative,अपनी
5677,scam,negative,घोटाला
5678,scams,negative,धांधली
5679,scandal,negative,घोटाले
5682,scandalous,negative,सनसनीखेज
5689,scar,negative,वह
5693,scare,negative,डर
5694,scared,negative,डर
5700,scary,negative,डरावना
5703,sceptical,negative,संशयी
5710,scorching,negative,भीषण
5719,scrambled,negative,तले
5722,scrap,negative,रद्दी
5723,scratch,negative,खरोंच
5724,scratched,negative,खरोच
5725,scratches,negative,खरोंच
5727,scream,negative,चीखता
5753,selfish,negative,स्वार्थी
5759,senseless,negative,बेदह
5768,severe,negative,गंभीर
5769,severity,negative,गंभीरता
5771,shabby,negative,इतना
5773,shady,negative,संदेहात्मक
5774,shake,negative,शेक
5776,shallow,negative,उथला
5777,sham,negative,शैम
5779,shame,negative,शर्म
5780,shameful,negative,शर्मनाक
5783,shameless,negative,बेशर्म
5786,shark,negative,शार्क
5796,shiver,negative,का
5797,shock,negative,झटका
5798,shocked,negative,सदमे
5799,shocking,negative,दहला
5802,short-lived,negative,घुसपैठ
5803,shortage,negative,की
5807,shortness,negative,तकलीफ
5819,shun,negative,भी
5821,sick,negative,बीमार
5826,sickness,negative,सिकनेस
5829,siege,negative,अवरोध
5831,silly,negative,मूर्ख
5834,sin,negative,पाप
5839,sink,negative,सिंक
5840,sinking,negative,ऋण
5841,skeletons,negative,नर
5843,skeptical,negative,उलझन
5848,skinny,negative,दुबला
5852,slack,negative,मंदी
5853,slander,negative,बदनाम
5858,slap,negative,थप्पड़
5860,slaughter,negative,प्रचारित
5862,slave,negative,गुलाम
5863,slaves,negative,दासों
5865,slime,negative,टोडस
5878,slow,negative,धीमा
5881,slower,negative,धीमी
5883,slowly,negative,धीरे
5889,slump,negative,मज़बूती
5892,slur,negative,कलंक
5895,sly,negative,स्लाइ
5896,smack,negative,स्मैक
5898,smash,negative,स्मैश
5899,smear,negative,स्मीयर
5900,smell,negative,गंध
5906,smoke,negative,धूम्रपान
5929,snare,negative,छवि
5932,sneak,negative,चुपके
5934,sneaky,negative,डर
5945,soapy,negative,साबुनदार
5947,sober,negative,सोबर
5952,sore,negative,दुखती
5955,sorrow,negative,गम
5956,sorrowful,negative,दुखद
5958,sorry,negative,माफ़
5959,sour,negative,खट्टी
5962,spank,negative,शिकस्त
5967,spews,negative,उगलती
5968,spilling,negative,रिसाव
5976,split,negative,बंटी
5981,spoiled,negative,खराब
5983,spoils,negative,लूट
5992,sporadic,negative,छिटपुट
5994,spurious,negative,झूठा
6000,squash,negative,स्क्वैश
6008,stab,negative,वार
6013,stain,negative,दाग
6017,stall,negative,स्टाल
6029,static,negative,स्थैतिक
6030,steal,negative,कम
6031,stealing,negative,की
6033,steep,negative,खड़ी
6035,stench,negative,बदबू
6036,stereotype,negative,रूढ़िवादी
6037,stereotypical,negative,हो
6039,stern,negative,स्टर्न
6040,stew,negative,का
6041,sticky,negative,चिपचिपा
6042,stiff,negative,कठोर
6049,sting,negative,वाला
6053,stink,negative,बदबूदार
6056,stole,negative,चुरा
6057,stolen,negative,चोरी
6060,stormy,negative,तूफानी
6063,strain,negative,विकृति
6066,strange,negative,अजीब
6068,stranger,negative,अजनबी
6070,strangle,negative,गला
6072,strenuous,negative,श्रमसाध्य
6073,stress,negative,तनाव
6078,strict,negative,सख्त
6079,strictly,negative,कठोरता
6082,strife,negative,का
6083,strike,negative,हड़ताल
6084,stringent,negative,कड़े
6086,struck,negative,मारा
6087,struggle,negative,संघर्ष
6088,struggled,negative,संघर्ष
6089,struggles,negative,संघर्ष
6090,struggling,negative,संघर्ष
6092,stubborn,negative,जिद्दी
6095,stuck,negative,फंस
6096,stuffy,negative,भरी
6097,stumble,negative,टकराओ
6101,stumped,negative,अटक
6103,stun,negative,को
6104,stunt,negative,स्टंट
6106,stupid,negative,बेवकूफ
6108,stupidity,negative,मूर्खता
6120,subdued,negative,की
6137,succumb,negative,सामने
6138,suck,negative,चुसाई
6139,sucked,negative,लगभग
6141,sucks,negative,बेकार
6143,sue,negative,मुकदमा
6147,suffer,negative,पीड़ित
6148,suffered,negative,सही
6151,suffering,negative,बेहाल
6152,suffers,negative,भुगतता
6158,suicide,negative,की
6163,sunk,negative,दर्रे
6172,suppression,negative,को
6173,surrender,negative,आत्मसमर्पण
6176,suspicion,negative,अविश्वास
6178,suspicious,negative,संदिग्ध
6184,swelling,negative,सूजन
6186,swipe,negative,स्वाइप
6187,swollen,negative,सूजे
6188,symptom,negative,लक्षण
6189,symptoms,negative,लक्षण
6190,syndrome,negative,सिंड्रोम
6199,tank,negative,टैंक
6201,tanks,negative,टैंकों
6216,tease,negative,चिढ़ाओ
6221,temper,negative,गुस्सा
6223,temptation,negative,प्रलोभन
6224,tenderness,negative,मृदुता
6225,tense,negative,काल
6226,tension,negative,तनाव
6232,terrible,negative,भयानक
6235,terror,negative,आतंक
6237,terrorism,negative,आतंकवाद
6244,thicker,negative,मोटे
6245,thirst,negative,प्यास
6251,threat,negative,खतरा
6252,threaten,negative,धमकी
6253,threatening,negative,धमकानेवाला
6254,threats,negative,खतरों
6255,threesome,negative,त्रिगुट
6260,throttle,negative,थ्रॉटल
6273,tired,negative,थक
6275,tiring,negative,थका
6278,toll,negative,टोल
6282,tormented,negative,उन्हें
6283,torrent,negative,टोरेंट
6285,torture,negative,टार्चर
6293,toughness,negative,कठोरता
6297,toxic,negative,विषाक्त
6300,tragic,negative,दुखद
6309,trap,negative,जाल
6311,trapped,negative,फंस
6312,trash,negative,कचरा
6316,traumatic,negative,तंत्रीय
6327,trick,negative,उलझाए
6330,tricky,negative,खरीदना
6331,trivial,negative,खराब
6333,trouble,negative,मुसीबत
6334,troubled,negative,तंग
6336,troubles,negative,परेशानी
6342,tumble,negative,मशीन
6343,tumbled,negative,लो
6347,turmoil,negative,हंगामा
6348,twist,negative,मोड़
6349,twisted,negative,ट्विस्टेड
6351,two-faced,negative,दोहरा
6355,tyranny,negative,अत्याचार
6357,ugh,negative,ऊ
6359,ugliest,negative,बदसूरत
6361,ugly,negative,बदसूरत
6363,ultimatum,negative,अल्टीमेटम
6367,unable,negative,में
6378,unavailable,negative,अनुपलब्ध
6382,unbelievable,negative,अविश्वसनीय
6391,uncomfortable,negative,असहज
6399,uncontrolled,negative,अनियंत्रित
6405,undecided,negative,अनिश्चित
6406,undefined,negative,अपरिभाषित
6413,underestimate,negative,कम
6428,undone,negative,पूर्ववत
6437,unethical,negative,के
6440,unexpected,negative,अप्रत्याशित
6447,unfavorable,negative,प्रतिकूल
6451,unforeseen,negative,अप्रत्याशित
6453,unfortunate,negative,असहाय
6454,unfortunately,negative,दुर्भाग्य
6455,unfounded,negative,निराधार
6456,unfriendly,negative,प्रतिकूल
6463,unhappy,negative,नाखुश
6464,unhealthy,negative,अस्वास्थ्यकर
6482,unknown,negative,अज्ञात
6488,unleash,negative,से
6489,unlicensed,negative,लाइसेंसरहित
6490,unlikely,negative,संभावना
6491,unlucky,negative,अभागिन
6495,unnecessary,negative,अनावश्यक
6501,unnoticed,negative,छुप
6503,unorthodox,negative,अनआर्थोडॉक्स
6505,unpleasant,negative,अप्रिय
6508,unpredictable,negative,अप्रत्याशित
6523,unreasonable,negative,अकारण
6529,unresolved,negative,अनसुलझे
6531,unrest,negative,अशांति
6544,unskilled,negative,अकुशल
6550,unstable,negative,अस्थिर
6554,unsuccessful,negative,नाकामयाब
6558,unsure,negative,अनिश्चित
6565,untimely,negative,असामयिक
6574,unusual,negative,असामान्य
6575,unusually,negative,असाधारण
6577,unwanted,negative,गलती
6581,unwell,negative,बीमार
6593,uprising,negative,उठ
6594,uproar,negative,मचा
6600,upset,negative,परेशान
6605,urgent,negative,जरूरी
6606,useless,negative,आश्चर्यजनक
6613,vain,negative,व्यर्थ
6618,vengeance,negative,प्रतिशोध
6625,vent,negative,निकास
6634,vibrating,negative,हिल
6635,vibration,negative,स्पंदन
6636,vice,negative,वाइस
6637,vicious,negative,दुष्ट
6654,violate,negative,का
6655,violation,negative,उल्लंघन
6658,violent,negative,हिंसा
6660,viper,negative,वाइपर
6664,virus,negative,वायरस
6667,volatile,negative,वाष्पशील
6668,volatility,negative,अस्थिरता
6671,vomiting,negative,उल्टी
6673,vulgar,negative,अश्लील
6685,warned,negative,चेतावनी
6686,warning,negative,चेतावनी
6687,warp,negative,वार्प
6691,waste,negative,अपशिष्ट
6692,wasted,negative,निरर्थक
6695,wasting,negative,बर्बाद
6699,weak,negative,कमजोर
6703,weakness,negative,कमजोरी
6704,weaknesses,negative,कमजोरियां
6708,wedge,negative,वेज
6709,weed,negative,खरपतवार
6710,weep,negative,रोता
6711,weird,negative,अजीब
6714,whimper,negative,कारण
6721,wicked,negative,दुष्ट
6724,wild,negative,जंगली
6734,woe,negative,शर्म
6740,worn,negative,पहना
6741,worried,negative,चिंतित
6744,worries,negative,चिंता
6746,worry,negative,चिंता
6747,worrying,negative,चिंता
6749,worse,negative,बदतर
6752,worst,negative,सबसे
6753,worthless,negative,बेकार
6756,wound,negative,घाव
6757,wounds,negative,घाव
6759,wrath,negative,प्रकोप
6763,wreck,negative,रैल्फ
6770,wrinkle,negative,शिकन
6772,wrinkles,negative,झुर्रियों
6777,wrong,negative,गलत
6779,wrongly,negative,गलत
6782,zap,negative,ज़ैप
6788,zombie,negative,ज़ोंबी
